-- MySQL dump 10.13  Distrib 8.0.28, for Linux (x86_64)
--
-- Host: localhost    Database: balance
-- ------------------------------------------------------
-- Server version	8.0.28-0ubuntu0.20.04.3

/*!40101 SET @OLD_CHARACTER_SET_CLIENT=@@CHARACTER_SET_CLIENT */;
/*!40101 SET @OLD_CHARACTER_SET_RESULTS=@@CHARACTER_SET_RESULTS */;
/*!40101 SET @OLD_COLLATION_CONNECTION=@@COLLATION_CONNECTION */;
/*!50503 SET NAMES utf8mb4 */;
/*!40103 SET @OLD_TIME_ZONE=@@TIME_ZONE */;
/*!40103 SET TIME_ZONE='+00:00' */;
/*!40014 SET @OLD_UNIQUE_CHECKS=@@UNIQUE_CHECKS, UNIQUE_CHECKS=0 */;
/*!40014 SET @OLD_FOREIGN_KEY_CHECKS=@@FOREIGN_KEY_CHECKS, FOREIGN_KEY_CHECKS=0 */;
/*!40101 SET @OLD_SQL_MODE=@@SQL_MODE, SQL_MODE='NO_AUTO_VALUE_ON_ZERO' */;
/*!40111 SET @OLD_SQL_NOTES=@@SQL_NOTES, SQL_NOTES=0 */;

--
-- Table structure for table `connect_position_depart`
--

DROP TABLE IF EXISTS `connect_position_depart`;
/*!40101 SET @saved_cs_client     = @@character_set_client */;
/*!50503 SET character_set_client = utf8mb4 */;
CREATE TABLE `connect_position_depart` (
  `id` bigint unsigned NOT NULL AUTO_INCREMENT COMMENT 'ид ',
  `position_id` int unsigned NOT NULL COMMENT 'ид должности',
  `depart_id` int unsigned NOT NULL COMMENT 'ид подразделения',
  `created_at` datetime DEFAULT CURRENT_TIMESTAMP COMMENT 'Время создания строки',
  `updated_at` datetime DEFAULT CURRENT_TIMESTAMP ON UPDATE CURRENT_TIMESTAMP COMMENT 'Время обновления строки',
  UNIQUE KEY `id` (`id`),
  KEY `connect_position_depart_depart_id_fk` (`depart_id`),
  KEY `connect_position_depart_position_id_fk` (`position_id`),
  CONSTRAINT `connect_position_depart_depart_id_fk` FOREIGN KEY (`depart_id`) REFERENCES `departments` (`id`) ON DELETE CASCADE,
  CONSTRAINT `connect_position_depart_position_id_fk` FOREIGN KEY (`position_id`) REFERENCES `positions` (`id`) ON DELETE CASCADE
) ENGINE=InnoDB AUTO_INCREMENT=105 DEFAULT CHARSET=utf8mb4 COLLATE=utf8mb4_0900_ai_ci COMMENT='связь должность - подразделение';
/*!40101 SET character_set_client = @saved_cs_client */;

--
-- Dumping data for table `connect_position_depart`
--

LOCK TABLES `connect_position_depart` WRITE;
/*!40000 ALTER TABLE `connect_position_depart` DISABLE KEYS */;
INSERT INTO `connect_position_depart` VALUES (1,1,16,'2022-02-05 13:46:37','2022-02-05 13:54:21'),(2,2,6,'2022-02-05 13:46:39','2022-02-05 13:54:21'),(3,3,12,'2022-02-05 13:46:39','2022-02-05 13:54:21'),(4,4,12,'2022-02-05 13:46:39','2022-02-05 13:54:21'),(5,5,24,'2022-02-05 13:46:39','2022-02-05 13:54:21'),(6,6,24,'2022-02-05 13:46:39','2022-02-05 13:54:21'),(7,7,17,'2022-02-05 13:46:40','2022-02-05 13:54:21'),(8,8,13,'2022-02-05 13:46:40','2022-02-05 13:54:21'),(9,9,12,'2022-02-05 13:46:40','2022-02-05 13:54:21'),(10,10,19,'2022-02-05 13:46:40','2022-02-05 13:54:21'),(11,11,1,'2022-02-05 13:46:40','2022-02-05 13:52:48'),(12,12,6,'2022-02-05 13:46:40','2022-02-05 13:54:21'),(13,13,26,'2022-02-05 13:46:40','2022-02-05 13:54:21'),(14,14,24,'2022-02-05 13:46:40','2022-02-05 13:54:21'),(15,15,12,'2022-02-05 13:46:40','2022-02-05 13:54:21'),(16,16,14,'2022-02-05 13:46:40','2022-02-05 13:54:21'),(17,17,6,'2022-02-05 13:46:40','2022-02-05 13:54:21'),(18,18,18,'2022-02-05 13:46:40','2022-02-05 13:54:21'),(19,19,10,'2022-02-05 13:46:41','2022-02-05 13:54:21'),(20,20,27,'2022-02-05 13:46:41','2022-02-05 13:54:21'),(21,21,15,'2022-02-05 13:46:41','2022-02-05 13:54:21'),(22,22,25,'2022-02-05 13:46:41','2022-02-05 13:54:21'),(23,23,16,'2022-02-05 13:46:41','2022-02-05 13:54:21'),(24,24,6,'2022-02-05 13:46:41','2022-02-05 13:54:21'),(25,25,12,'2022-02-05 13:46:41','2022-02-05 13:54:21'),(26,26,9,'2022-02-05 13:46:41','2022-02-05 13:54:21'),(27,27,12,'2022-02-05 13:46:41','2022-02-05 13:54:21'),(28,28,29,'2022-02-05 13:46:41','2022-02-05 13:54:21'),(29,29,22,'2022-02-05 13:46:41','2022-02-05 13:54:21'),(30,30,19,'2022-02-05 13:46:41','2022-02-05 13:54:21'),(31,31,1,'2022-02-05 13:46:41','2022-02-05 13:52:48'),(32,32,7,'2022-02-05 13:46:41','2022-02-05 13:54:21'),(33,33,1,'2022-02-05 13:46:41','2022-02-05 13:52:48'),(34,34,12,'2022-02-05 13:46:42','2022-02-05 13:54:21'),(35,35,26,'2022-02-05 13:46:42','2022-02-05 13:54:21'),(36,36,5,'2022-02-05 13:46:42','2022-02-05 13:54:21'),(37,37,8,'2022-02-05 13:46:42','2022-02-05 13:54:21'),(38,38,23,'2022-02-05 13:46:42','2022-02-05 13:54:21'),(39,39,30,'2022-02-05 13:46:42','2022-02-05 13:54:21'),(40,40,19,'2022-02-05 13:46:42','2022-02-05 13:54:21'),(41,41,6,'2022-02-05 13:46:42','2022-02-05 13:54:21'),(42,42,3,'2022-02-05 13:46:42','2022-02-05 13:54:21'),(43,43,25,'2022-02-05 13:46:42','2022-02-05 13:54:21'),(44,44,26,'2022-02-05 13:46:42','2022-02-05 13:54:21'),(45,45,25,'2022-02-05 13:46:42','2022-02-05 13:54:21'),(46,46,18,'2022-02-05 13:46:42','2022-02-05 13:54:21'),(47,47,11,'2022-02-05 13:46:42','2022-02-05 13:54:21'),(48,48,4,'2022-02-05 13:46:42','2022-02-05 13:54:21'),(49,49,14,'2022-02-05 13:46:43','2022-02-05 13:54:21'),(50,50,30,'2022-02-05 13:46:43','2022-02-05 13:54:21'),(51,51,18,'2022-02-05 13:46:43','2022-02-05 13:54:21'),(52,52,27,'2022-02-05 13:46:43','2022-02-05 13:54:21'),(53,53,21,'2022-02-05 13:46:43','2022-02-05 13:54:21'),(54,54,26,'2022-02-05 13:46:43','2022-02-05 13:54:21'),(55,55,5,'2022-02-05 13:46:43','2022-02-05 13:54:21'),(56,56,4,'2022-02-05 13:46:43','2022-02-05 13:54:21'),(57,57,8,'2022-02-05 13:46:43','2022-02-05 13:54:21'),(58,58,25,'2022-02-05 13:46:43','2022-02-05 13:54:21'),(59,59,11,'2022-02-05 13:46:43','2022-02-05 13:54:21'),(60,60,9,'2022-02-05 13:46:43','2022-02-05 13:54:21'),(61,61,13,'2022-02-05 13:46:43','2022-02-05 13:54:21'),(62,62,7,'2022-02-05 13:46:43','2022-02-05 13:54:21'),(63,63,26,'2022-02-05 13:46:43','2022-02-05 13:54:21'),(64,64,17,'2022-02-05 13:46:44','2022-02-05 13:54:21'),(65,65,8,'2022-02-05 13:46:44','2022-02-05 13:54:21'),(66,66,17,'2022-02-05 13:46:44','2022-02-05 13:54:21'),(67,67,2,'2022-02-05 13:46:44','2022-02-05 13:54:21'),(68,68,18,'2022-02-05 13:46:44','2022-02-05 13:54:21'),(69,69,22,'2022-02-05 13:46:44','2022-02-05 13:54:21'),(70,70,29,'2022-02-05 13:46:44','2022-02-05 13:54:21'),(71,71,15,'2022-02-05 13:46:44','2022-02-05 13:54:21'),(72,72,18,'2022-02-05 13:46:44','2022-02-05 13:54:21'),(73,73,13,'2022-02-05 13:46:44','2022-02-05 13:54:21'),(74,74,12,'2022-02-05 13:46:44','2022-02-05 13:54:21'),(75,75,21,'2022-02-05 13:46:44','2022-02-05 13:54:21'),(76,76,9,'2022-02-05 13:46:44','2022-02-05 13:54:21'),(77,77,12,'2022-02-05 13:46:44','2022-02-05 13:54:21'),(78,78,4,'2022-02-05 13:46:44','2022-02-05 13:54:21'),(79,79,11,'2022-02-05 13:46:45','2022-02-05 13:54:21'),(80,80,14,'2022-02-05 13:46:45','2022-02-05 13:54:21'),(81,81,8,'2022-02-05 13:46:45','2022-02-05 13:54:21'),(82,82,26,'2022-02-05 13:46:45','2022-02-05 13:54:21'),(83,83,14,'2022-02-05 13:46:45','2022-02-05 13:54:21'),(84,84,22,'2022-02-05 13:46:45','2022-02-05 13:54:21'),(85,85,8,'2022-02-05 13:46:45','2022-02-05 13:54:21'),(86,86,4,'2022-02-05 13:46:45','2022-02-05 13:54:21'),(87,87,23,'2022-02-05 13:46:54','2022-02-05 13:54:21'),(88,88,14,'2022-02-05 13:46:54','2022-02-05 13:54:21'),(89,89,1,'2022-02-05 13:46:54','2022-02-05 13:52:48'),(90,90,21,'2022-02-05 13:46:54','2022-02-05 13:54:21'),(91,91,14,'2022-02-05 13:46:54','2022-02-05 13:54:21'),(92,92,6,'2022-02-05 13:46:54','2022-02-05 13:54:21'),(93,93,19,'2022-02-05 13:46:55','2022-02-05 13:54:21'),(94,94,15,'2022-02-05 13:46:55','2022-02-05 13:54:21'),(95,95,19,'2022-02-05 13:46:55','2022-02-05 13:54:21'),(96,96,17,'2022-02-05 13:46:55','2022-02-05 13:54:21'),(97,97,27,'2022-02-05 13:46:55','2022-02-05 13:54:21'),(98,98,24,'2022-02-05 13:46:55','2022-02-05 13:54:21'),(99,99,8,'2022-02-05 13:46:55','2022-02-05 13:54:21'),(100,100,29,'2022-02-05 13:46:55','2022-02-05 13:54:21');
/*!40000 ALTER TABLE `connect_position_depart` ENABLE KEYS */;
UNLOCK TABLES;

--
-- Table structure for table `countries`
--

DROP TABLE IF EXISTS `countries`;
/*!40101 SET @saved_cs_client     = @@character_set_client */;
/*!50503 SET character_set_client = utf8mb4 */;
CREATE TABLE `countries` (
  `id` int unsigned NOT NULL AUTO_INCREMENT,
  `name` varchar(130) CHARACTER SET utf8mb4 COLLATE utf8mb4_unicode_ci DEFAULT NULL COMMENT 'Название страны',
  `created_at` datetime DEFAULT CURRENT_TIMESTAMP COMMENT 'Время создания строки',
  `updated_at` datetime DEFAULT CURRENT_TIMESTAMP ON UPDATE CURRENT_TIMESTAMP COMMENT 'Время обновления строки',
  PRIMARY KEY (`id`),
  UNIQUE KEY `id` (`id`)
) ENGINE=InnoDB AUTO_INCREMENT=101 DEFAULT CHARSET=utf8mb4 COLLATE=utf8mb4_unicode_ci COMMENT='Физ лица';
/*!40101 SET character_set_client = @saved_cs_client */;

--
-- Dumping data for table `countries`
--

LOCK TABLES `countries` WRITE;
/*!40000 ALTER TABLE `countries` DISABLE KEYS */;
INSERT INTO `countries` VALUES (1,'Russia','2014-08-12 05:07:41','2022-01-30 12:20:31'),(2,'Belarus','2017-09-29 14:28:09','2022-01-30 12:21:13'),(3,'Ukraine','2021-10-24 15:13:42','2022-01-30 12:22:04'),(4,'Kazakhstan','2014-10-04 03:51:24','2022-01-30 12:22:42'),(5,'Seychelles','2015-11-26 09:22:04','2018-09-30 14:59:37'),(6,'Kyrgyz Republic','2020-03-24 23:38:57','2020-04-25 16:28:12'),(7,'Swaziland','2018-02-21 20:03:23','2021-06-14 01:35:13'),(8,'Mali','2019-03-14 23:33:11','2020-10-16 13:47:20'),(9,'Micronesia','2012-09-17 22:13:37','2016-04-25 22:40:09'),(10,'Bolivia','2016-03-13 07:31:12','2018-03-19 05:46:59');
/*!40000 ALTER TABLE `countries` ENABLE KEYS */;
UNLOCK TABLES;

--
-- Temporary view structure for view `current_employees`
--

DROP TABLE IF EXISTS `current_employees`;
/*!50001 DROP VIEW IF EXISTS `current_employees`*/;
SET @saved_cs_client     = @@character_set_client;
/*!50503 SET character_set_client = utf8mb4 */;
/*!50001 CREATE VIEW `current_employees` AS SELECT 
 1 AS `id`,
 1 AS `first_name`,
 1 AS `last_name`,
 1 AS `tab_number`,
 1 AS `position`,
 1 AS `department`,
 1 AS `salary`*/;
SET character_set_client = @saved_cs_client;

--
-- Table structure for table `departments`
--

DROP TABLE IF EXISTS `departments`;
/*!40101 SET @saved_cs_client     = @@character_set_client */;
/*!50503 SET character_set_client = utf8mb4 */;
CREATE TABLE `departments` (
  `id` int unsigned NOT NULL AUTO_INCREMENT,
  `name` varchar(130) CHARACTER SET utf8mb4 COLLATE utf8mb4_unicode_ci NOT NULL COMMENT 'Наименование подразделения',
  `num` varchar(130) CHARACTER SET utf8mb4 COLLATE utf8mb4_unicode_ci NOT NULL COMMENT 'Номер подразделения',
  `parent_id` int unsigned DEFAULT NULL COMMENT 'Родительское подразделение',
  `date_begin` date NOT NULL COMMENT 'Дата начала',
  `date_end` date DEFAULT NULL COMMENT 'Дата окончания',
  `created_at` datetime DEFAULT CURRENT_TIMESTAMP COMMENT 'Время создания строки',
  `updated_at` datetime DEFAULT CURRENT_TIMESTAMP ON UPDATE CURRENT_TIMESTAMP COMMENT 'Время обновления строки',
  PRIMARY KEY (`id`),
  UNIQUE KEY `id` (`id`),
  KEY `departments_parent_id_fk` (`parent_id`),
  KEY `departments_name_idx` (`name`),
  CONSTRAINT `departments_parent_id_fk` FOREIGN KEY (`parent_id`) REFERENCES `departments` (`id`) ON DELETE CASCADE
) ENGINE=InnoDB AUTO_INCREMENT=49 DEFAULT CHARSET=utf8mb4 COLLATE=utf8mb4_unicode_ci COMMENT='Подразделения';
/*!40101 SET character_set_client = @saved_cs_client */;

--
-- Dumping data for table `departments`
--

LOCK TABLES `departments` WRITE;
/*!40000 ALTER TABLE `departments` DISABLE KEYS */;
INSERT INTO `departments` VALUES (1,'Robel Inc','044',NULL,'2016-01-03',NULL,'2012-06-22 06:11:00','2020-02-26 17:25:00'),(2,'Kuhlman-Luettgen','329',NULL,'2013-04-13',NULL,'2019-11-18 06:43:28','2015-08-30 00:55:09'),(3,'Boehm, Schaefer and Rodriguez','477',NULL,'2016-09-02',NULL,'2015-03-22 13:44:21','2020-06-03 14:00:01'),(4,'Robel Ltd','799',NULL,'2021-03-16',NULL,'2020-03-29 17:15:16','2018-09-12 20:17:42'),(5,'Grimes Ltd','453',NULL,'2015-02-10',NULL,'2014-07-21 06:46:14','2013-10-18 06:09:58'),(6,'Weber PLC','228',2,'2012-03-10',NULL,'2019-12-14 14:03:35','2022-01-31 10:10:04'),(7,'Miller-Lakin','055',2,'2019-06-11',NULL,'2020-10-23 07:08:34','2022-01-31 10:10:20'),(8,'Marvin PLC','682',2,'2013-07-15',NULL,'2020-03-23 16:21:29','2022-01-31 10:10:26'),(9,'Morar Inc','182',3,'2013-12-06',NULL,'2021-09-04 07:19:56','2022-01-31 10:11:03'),(10,'Larkin and Sons','094',3,'2012-02-02',NULL,'2020-02-02 15:25:04','2022-01-31 10:11:08'),(11,'Hamill-Boyer','667',3,'2019-10-31',NULL,'2019-04-28 23:50:36','2022-01-31 10:11:11'),(12,'Mann-McKenzie','282',4,'2018-08-27',NULL,'2017-08-02 11:25:32','2022-01-31 10:11:43'),(13,'Grant-Rosenbaum','512',4,'2019-12-07',NULL,'2019-11-26 03:59:31','2022-01-31 10:11:48'),(14,'Kuvalis-VonRueden','524',25,'2020-07-05',NULL,'2014-05-18 01:52:51','2022-01-31 10:17:41'),(15,'Schultz, Collins and Doyle','424',5,'2017-04-04',NULL,'2018-07-19 08:31:32','2022-01-31 10:12:11'),(16,'Satterfield LLC','859',5,'2013-08-27',NULL,'2015-09-11 14:39:58','2022-01-31 10:12:14'),(17,'Haag LLC','370',22,'2021-06-01',NULL,'2020-03-07 01:24:16','2022-01-31 10:17:07'),(18,'Durgan LLC','212',6,'2018-04-14',NULL,'2018-09-04 14:25:02','2022-01-31 10:13:02'),(19,'Corkery and Sons','576',6,'2017-08-25',NULL,'2016-12-22 07:48:42','2022-01-31 10:13:07'),(20,'Schaefer, Strosin and Zboncak','570',7,'2016-11-18',NULL,'2021-09-02 15:55:23','2022-01-31 10:13:34'),(21,'Wiegand-Hartmann','684',7,'2019-02-24',NULL,'2016-02-06 05:39:24','2022-01-31 10:13:37'),(22,'Heller Inc','390',8,'2015-07-22',NULL,'2016-10-11 03:25:49','2022-01-31 10:13:48'),(23,'Kihn-Swift','408',8,'2013-10-15',NULL,'2019-10-10 17:01:21','2022-01-31 10:13:53'),(24,'Becker LLC','997',15,'2020-04-04',NULL,'2012-05-12 01:01:35','2022-01-31 10:15:53'),(25,'Bartell-Metz','081',6,'2019-05-27',NULL,'2017-05-23 08:58:58','2022-01-31 10:19:08'),(26,'Heidenreich-Harber','968',19,'2021-12-26',NULL,'2013-09-30 01:32:33','2022-01-31 10:19:32'),(27,'Purdy, Kuhlman and Walker','050',21,'2016-09-14',NULL,'2014-06-03 08:34:02','2022-01-31 10:19:50'),(28,'Walker, Kris and Robel','778',9,'2020-08-23',NULL,'2019-06-22 07:36:16','2022-01-31 10:20:36'),(29,'Feeney-Anderson','803',18,'2017-10-10',NULL,'2018-03-31 09:15:14','2022-01-31 10:20:58'),(30,'Hahn, Cronin and Grimes','378',20,'2016-12-05',NULL,'2015-03-19 10:15:08','2022-01-31 10:21:25'),(46,'Robel Inc','044',NULL,'2016-01-03','2023-01-03','2012-06-22 06:11:00','2023-02-26 17:25:00'),(47,'Robel Inc','044',NULL,'2022-03-03',NULL,'2012-06-22 06:11:00','2023-02-26 17:25:00'),(48,'Robel Inc','044',NULL,'2021-03-03','2022-01-03','2012-06-22 06:11:00','2023-02-26 17:25:00');
/*!40000 ALTER TABLE `departments` ENABLE KEYS */;
UNLOCK TABLES;

--
-- Table structure for table `documents`
--

DROP TABLE IF EXISTS `documents`;
/*!40101 SET @saved_cs_client     = @@character_set_client */;
/*!50503 SET character_set_client = utf8mb4 */;
CREATE TABLE `documents` (
  `id` int unsigned NOT NULL,
  `type_id` int unsigned NOT NULL COMMENT 'тип документа',
  `date_doc` date NOT NULL COMMENT 'Дата документа',
  `number1` varchar(130) CHARACTER SET utf8mb4 COLLATE utf8mb4_0900_ai_ci DEFAULT NULL COMMENT 'номер документа',
  `emp_id` int unsigned NOT NULL COMMENT 'ид сотрудника',
  `created_at` datetime DEFAULT CURRENT_TIMESTAMP COMMENT 'Время создания строки',
  `updated_at` datetime DEFAULT CURRENT_TIMESTAMP ON UPDATE CURRENT_TIMESTAMP COMMENT 'Время обновления строки',
  PRIMARY KEY (`id`),
  UNIQUE KEY `id` (`id`),
  KEY `documents_type_id_fk` (`type_id`),
  KEY `documents_emp_id_fk` (`emp_id`),
  CONSTRAINT `documents_emp_id_fk` FOREIGN KEY (`emp_id`) REFERENCES `employee` (`id`) ON DELETE CASCADE,
  CONSTRAINT `documents_type_id_fk` FOREIGN KEY (`type_id`) REFERENCES `type_document` (`id`) ON DELETE CASCADE
) ENGINE=InnoDB DEFAULT CHARSET=utf8mb4 COLLATE=utf8mb4_0900_ai_ci COMMENT='документы';
/*!40101 SET character_set_client = @saved_cs_client */;

--
-- Dumping data for table `documents`
--

LOCK TABLES `documents` WRITE;
/*!40000 ALTER TABLE `documents` DISABLE KEYS */;
INSERT INTO `documents` VALUES (1,1,'2022-02-05','2993',1,'2022-02-05 14:03:17','2022-02-05 14:07:49'),(2,1,'2022-02-05','375',2,'2022-02-05 14:03:23','2022-02-05 14:07:49'),(3,1,'2022-02-05','1898',3,'2022-02-05 14:03:23','2022-02-05 14:07:49'),(4,1,'2022-02-05','2363',4,'2022-02-05 14:03:23','2022-02-05 14:07:49'),(5,1,'2022-02-05','121',5,'2022-02-05 14:03:23','2022-02-05 14:07:49'),(6,1,'2022-02-05','2515',6,'2022-02-05 14:03:23','2022-02-05 14:07:49'),(7,1,'2022-02-05','213',7,'2022-02-05 14:03:24','2022-02-05 14:07:49'),(8,1,'2022-02-05','2518',8,'2022-02-05 14:03:24','2022-02-05 14:07:49'),(9,1,'2022-02-05','2949',9,'2022-02-05 14:03:24','2022-02-05 14:07:49'),(10,1,'2022-02-05','1192',10,'2022-02-05 14:03:24','2022-02-05 14:07:49'),(11,1,'2022-02-05','112',11,'2022-02-05 14:03:24','2022-02-05 14:07:49'),(12,1,'2022-02-05','2985',12,'2022-02-05 14:03:24','2022-02-05 14:07:49'),(13,1,'2022-02-05','2588',13,'2022-02-05 14:03:24','2022-02-05 14:07:49'),(14,1,'2022-02-05','986',14,'2022-02-05 14:03:24','2022-02-05 14:07:49'),(15,1,'2022-02-05','165',15,'2022-02-05 14:03:24','2022-02-05 14:07:49'),(16,1,'2022-02-05','865',16,'2022-02-05 14:03:24','2022-02-05 14:07:49'),(17,1,'2022-02-05','831',17,'2022-02-05 14:03:24','2022-02-05 14:07:49'),(18,1,'2022-02-05','1557',18,'2022-02-05 14:03:24','2022-02-05 14:07:49'),(19,1,'2022-02-05','2292',19,'2022-02-05 14:03:25','2022-02-05 14:07:49'),(20,1,'2022-02-05','789',20,'2022-02-05 14:03:25','2022-02-05 14:07:49'),(21,1,'2022-02-05','70',21,'2022-02-05 14:03:25','2022-02-05 14:07:49'),(22,1,'2022-02-05','982',22,'2022-02-05 14:03:25','2022-02-05 14:07:49'),(23,1,'2022-02-05','1698',23,'2022-02-05 14:03:25','2022-02-05 14:07:49'),(24,1,'2022-02-05','2543',24,'2022-02-05 14:03:25','2022-02-05 14:07:49'),(25,1,'2022-02-05','1623',25,'2022-02-05 14:03:25','2022-02-05 14:07:49'),(26,1,'2022-02-05','483',26,'2022-02-05 14:03:25','2022-02-05 14:07:49'),(27,1,'2022-02-05','546',27,'2022-02-05 14:03:25','2022-02-05 14:07:49'),(28,1,'2022-02-05','1281',28,'2022-02-05 14:03:25','2022-02-05 14:07:49'),(29,1,'2022-02-05','1768',29,'2022-02-05 14:03:25','2022-02-05 14:07:49'),(30,1,'2022-02-05','1996',30,'2022-02-05 14:03:25','2022-02-05 14:07:49'),(31,1,'2022-02-05','1675',31,'2022-02-05 14:03:25','2022-02-05 14:07:49'),(32,1,'2022-02-05','2387',32,'2022-02-05 14:03:25','2022-02-05 14:07:49'),(33,1,'2022-02-05','908',33,'2022-02-05 14:03:25','2022-02-05 14:07:49'),(34,1,'2022-02-05','381',34,'2022-02-05 14:03:26','2022-02-05 14:07:49'),(35,1,'2022-02-05','2179',35,'2022-02-05 14:03:26','2022-02-05 14:07:49'),(36,1,'2022-02-05','751',36,'2022-02-05 14:03:26','2022-02-05 14:07:49'),(37,1,'2022-02-05','218',37,'2022-02-05 14:03:26','2022-02-05 14:07:49'),(38,1,'2022-02-05','1836',38,'2022-02-05 14:03:26','2022-02-05 14:07:49'),(39,1,'2022-02-05','2525',39,'2022-02-05 14:03:26','2022-02-05 14:07:49'),(40,1,'2022-02-05','1116',40,'2022-02-05 14:03:26','2022-02-05 14:07:49'),(41,1,'2022-02-05','1006',41,'2022-02-05 14:03:26','2022-02-05 14:07:49'),(42,1,'2022-02-05','1680',42,'2022-02-05 14:03:26','2022-02-05 14:07:49'),(43,1,'2022-02-05','2381',43,'2022-02-05 14:03:27','2022-02-05 14:07:49'),(44,1,'2022-02-05','864',44,'2022-02-05 14:03:27','2022-02-05 14:07:49'),(45,1,'2022-02-05','177',45,'2022-02-05 14:03:27','2022-02-05 14:07:49'),(46,1,'2022-02-05','1292',46,'2022-02-05 14:03:27','2022-02-05 14:07:49'),(47,1,'2022-02-05','2929',47,'2022-02-05 14:03:27','2022-02-05 14:07:49'),(48,1,'2022-02-05','1768',48,'2022-02-05 14:03:27','2022-02-05 14:07:49'),(49,1,'2022-02-05','52',49,'2022-02-05 14:03:27','2022-02-05 14:07:49'),(50,1,'2022-02-05','955',50,'2022-02-05 14:03:28','2022-02-05 14:07:49'),(51,1,'2022-02-05','1619',51,'2022-02-05 14:03:28','2022-02-05 14:07:49'),(52,1,'2022-02-05','2231',52,'2022-02-05 14:03:28','2022-02-05 14:07:49'),(53,1,'2022-02-05','295',53,'2022-02-05 14:03:28','2022-02-05 14:07:49'),(54,1,'2022-02-05','783',54,'2022-02-05 14:03:28','2022-02-05 14:07:49'),(55,1,'2022-02-05','29',55,'2022-02-05 14:03:28','2022-02-05 14:07:49'),(56,1,'2022-02-05','797',56,'2022-02-05 14:03:28','2022-02-05 14:07:49'),(57,1,'2022-02-05','897',57,'2022-02-05 14:03:29','2022-02-05 14:07:49'),(58,1,'2022-02-05','2093',58,'2022-02-05 14:03:29','2022-02-05 14:07:49'),(59,1,'2022-02-05','1775',59,'2022-02-05 14:03:29','2022-02-05 14:07:49'),(60,1,'2022-02-05','2593',60,'2022-02-05 14:03:29','2022-02-05 14:07:49'),(61,1,'2022-02-05','1639',61,'2022-02-05 14:03:29','2022-02-05 14:07:49'),(62,1,'2022-02-05','415',62,'2022-02-05 14:03:29','2022-02-05 14:07:49'),(63,1,'2022-02-05','159',63,'2022-02-05 14:03:30','2022-02-05 14:07:49'),(64,1,'2022-02-05','2547',64,'2022-02-05 14:03:30','2022-02-05 14:07:49'),(65,1,'2022-02-05','261',65,'2022-02-05 14:03:30','2022-02-05 14:07:49'),(66,1,'2022-02-05','2661',66,'2022-02-05 14:03:30','2022-02-05 14:07:49'),(67,1,'2022-02-05','524',67,'2022-02-05 14:03:30','2022-02-05 14:07:49'),(68,1,'2022-02-05','634',68,'2022-02-05 14:03:30','2022-02-05 14:07:49'),(69,1,'2022-02-05','1598',69,'2022-02-05 14:03:30','2022-02-05 14:07:49'),(70,1,'2022-02-05','88',70,'2022-02-05 14:03:30','2022-02-05 14:07:49'),(71,1,'2022-02-05','1645',71,'2022-02-05 14:03:30','2022-02-05 14:07:49'),(72,1,'2022-02-05','1960',72,'2022-02-05 14:03:30','2022-02-05 14:07:49'),(73,1,'2022-02-05','1867',73,'2022-02-05 14:03:30','2022-02-05 14:07:49'),(74,1,'2022-02-05','452',74,'2022-02-05 14:03:30','2022-02-05 14:07:49'),(75,1,'2022-02-05','2660',75,'2022-02-05 14:03:31','2022-02-05 14:07:49'),(76,1,'2022-02-05','2942',76,'2022-02-05 14:03:31','2022-02-05 14:07:49'),(77,1,'2022-02-05','730',77,'2022-02-05 14:03:31','2022-02-05 14:07:49'),(78,1,'2022-02-05','824',78,'2022-02-05 14:03:31','2022-02-05 14:07:49'),(79,1,'2022-02-05','1930',79,'2022-02-05 14:03:31','2022-02-05 14:07:49'),(80,1,'2022-02-05','1177',80,'2022-02-05 14:03:31','2022-02-05 14:07:49'),(81,1,'2022-02-05','93',81,'2022-02-05 14:03:31','2022-02-05 14:07:49'),(82,1,'2022-02-05','2933',82,'2022-02-05 14:03:31','2022-02-05 14:07:49'),(83,1,'2022-02-05','2387',83,'2022-02-05 14:03:31','2022-02-05 14:07:49'),(84,1,'2022-02-05','135',84,'2022-02-05 14:03:31','2022-02-05 14:07:49'),(85,1,'2022-02-05','2512',85,'2022-02-05 14:03:31','2022-02-05 14:07:49'),(86,1,'2022-02-05','154',86,'2022-02-05 14:03:31','2022-02-05 14:07:49'),(87,1,'2022-02-05','2236',87,'2022-02-05 14:03:31','2022-02-05 14:07:49'),(88,1,'2022-02-05','1715',88,'2022-02-05 14:03:31','2022-02-05 14:07:49'),(89,1,'2022-02-05','1868',89,'2022-02-05 14:03:31','2022-02-05 14:07:49'),(90,1,'2022-02-05','1194',90,'2022-02-05 14:03:31','2022-02-05 14:07:49'),(91,1,'2022-02-05','365',91,'2022-02-05 14:03:32','2022-02-05 14:07:49'),(92,1,'2022-02-05','1242',92,'2022-02-05 14:03:32','2022-02-05 14:07:49'),(93,1,'2022-02-05','2115',93,'2022-02-05 14:03:32','2022-02-05 14:07:49'),(94,1,'2022-02-05','848',94,'2022-02-05 14:03:32','2022-02-05 14:07:49'),(95,1,'2022-02-05','894',95,'2022-02-05 14:03:32','2022-02-05 14:07:49'),(96,1,'2022-02-05','1927',96,'2022-02-05 14:03:32','2022-02-05 14:07:49'),(97,1,'2022-02-05','953',97,'2022-02-05 14:03:32','2022-02-05 14:07:49'),(98,1,'2022-02-05','1984',98,'2022-02-05 14:03:32','2022-02-05 14:07:49'),(99,1,'2022-02-05','1061',99,'2022-02-05 14:03:32','2022-02-05 14:07:49'),(100,1,'2022-02-05','2349',100,'2022-02-05 14:03:32','2022-02-05 14:03:32'),(112,3,'2022-02-19','6666',95,'2022-02-19 11:41:09','2022-02-19 11:41:09'),(113,3,'2022-02-19','6667',94,'2022-02-19 11:41:55','2022-02-19 11:41:55'),(114,3,'2022-02-20','6667',93,'2022-02-19 11:48:41','2022-02-19 11:48:41');
/*!40000 ALTER TABLE `documents` ENABLE KEYS */;
UNLOCK TABLES;
/*!50003 SET @saved_cs_client      = @@character_set_client */ ;
/*!50003 SET @saved_cs_results     = @@character_set_results */ ;
/*!50003 SET @saved_col_connection = @@collation_connection */ ;
/*!50003 SET character_set_client  = utf8mb4 */ ;
/*!50003 SET character_set_results = utf8mb4 */ ;
/*!50003 SET collation_connection  = utf8mb4_0900_ai_ci */ ;
/*!50003 SET @saved_sql_mode       = @@sql_mode */ ;
/*!50003 SET sql_mode              = 'ONLY_FULL_GROUP_BY,STRICT_TRANS_TABLES,NO_ZERO_IN_DATE,NO_ZERO_DATE,ERROR_FOR_DIVISION_BY_ZERO,NO_ENGINE_SUBSTITUTION' */ ;
DELIMITER ;;
/*!50003 CREATE*/ /*!50017 DEFINER=`root`@`localhost`*/ /*!50003 TRIGGER `doc_move_emp` AFTER INSERT ON `documents` FOR EACH ROW BEGIN
	IF (NEW.type_id = 3) THEN
	    INSERT INTO move_employee (salary, allowance,type_move_id,schedule_id ,date_move ,document_id ,position_id ,depart_id ,emp_id ,rate , created_at,updated_at)
	    SELECT me.salary, me.allowance, NEW.type_id,me.schedule_id,NEW.date_doc,NEW.id,me.position_id,me.depart_id,NEW.emp_id ,1, now(),now() 
	    from documents d join  move_employee me ON me.emp_id = d.emp_id and date_move=(SELECT MAX(date_move) FROM move_employee me2 where me.emp_id = me2.emp_id ) 
	    where  d.emp_id = NEW.emp_id limit 1;
    end IF;
END */;;
DELIMITER ;
/*!50003 SET sql_mode              = @saved_sql_mode */ ;
/*!50003 SET character_set_client  = @saved_cs_client */ ;
/*!50003 SET character_set_results = @saved_cs_results */ ;
/*!50003 SET collation_connection  = @saved_col_connection */ ;

--
-- Table structure for table `education`
--

DROP TABLE IF EXISTS `education`;
/*!40101 SET @saved_cs_client     = @@character_set_client */;
/*!50503 SET character_set_client = utf8mb4 */;
CREATE TABLE `education` (
  `id` int unsigned NOT NULL AUTO_INCREMENT,
  `name` varchar(130) DEFAULT NULL COMMENT 'Вид образования',
  `created_at` datetime DEFAULT CURRENT_TIMESTAMP COMMENT 'Время создания строки',
  `updated_at` datetime DEFAULT CURRENT_TIMESTAMP ON UPDATE CURRENT_TIMESTAMP COMMENT 'Время обновления строки',
  PRIMARY KEY (`id`)
) ENGINE=InnoDB AUTO_INCREMENT=11 DEFAULT CHARSET=utf8mb4 COLLATE=utf8mb4_0900_ai_ci COMMENT='Физ лица';
/*!40101 SET character_set_client = @saved_cs_client */;

--
-- Dumping data for table `education`
--

LOCK TABLES `education` WRITE;
/*!40000 ALTER TABLE `education` DISABLE KEYS */;
INSERT INTO `education` VALUES (1,'Высшее неполное','2022-01-30 13:14:17','2022-01-30 13:14:17'),(2,'Высшее профессиональное','2022-01-30 13:14:17','2022-01-30 13:14:17'),(3,'Среднее полное','2022-01-30 13:14:17','2022-01-30 13:14:17'),(4,'Среднее неполное','2022-01-30 13:14:17','2022-01-30 13:14:17'),(5,'Среднее профессионално-техническое','2022-01-30 13:14:17','2022-01-30 13:14:17'),(6,'Средне-специальное','2022-01-30 13:14:17','2022-01-30 13:14:17'),(7,'Аспирантура','2022-01-30 13:14:17','2022-01-30 13:14:17'),(8,'Кандидат наук','2022-01-30 13:14:17','2022-01-30 13:14:17'),(9,'Доктор наук','2022-01-30 13:14:17','2022-01-30 13:14:17'),(10,'Школьник','2022-01-30 13:14:17','2022-01-30 13:14:17');
/*!40000 ALTER TABLE `education` ENABLE KEYS */;
UNLOCK TABLES;

--
-- Table structure for table `employee`
--

DROP TABLE IF EXISTS `employee`;
/*!40101 SET @saved_cs_client     = @@character_set_client */;
/*!50503 SET character_set_client = utf8mb4 */;
CREATE TABLE `employee` (
  `id` int unsigned NOT NULL,
  `person_id` int unsigned NOT NULL COMMENT 'ид фл',
  `emp_chief_id` int unsigned DEFAULT NULL COMMENT 'начальник',
  `tab_number` varchar(130) DEFAULT NULL COMMENT 'табельный номер',
  `type_employee_id` int unsigned DEFAULT NULL,
  `created_at` datetime DEFAULT CURRENT_TIMESTAMP COMMENT 'Время создания строки',
  `updated_at` datetime DEFAULT CURRENT_TIMESTAMP ON UPDATE CURRENT_TIMESTAMP COMMENT 'Время обновления строки',
  PRIMARY KEY (`id`),
  UNIQUE KEY `id` (`id`),
  KEY `employee_person_id_fk` (`person_id`),
  KEY `employee_emp_chief_id_fk` (`emp_chief_id`),
  KEY `employee_type_employee_id_fk` (`type_employee_id`),
  CONSTRAINT `employee_emp_chief_id_fk` FOREIGN KEY (`emp_chief_id`) REFERENCES `employee` (`id`) ON DELETE SET NULL,
  CONSTRAINT `employee_person_id_fk` FOREIGN KEY (`person_id`) REFERENCES `person` (`id`) ON DELETE CASCADE,
  CONSTRAINT `employee_type_employee_id_fk` FOREIGN KEY (`type_employee_id`) REFERENCES `type_employee` (`id`) ON DELETE SET NULL
) ENGINE=InnoDB DEFAULT CHARSET=utf8mb4 COLLATE=utf8mb4_0900_ai_ci COMMENT='Сотрудник';
/*!40101 SET character_set_client = @saved_cs_client */;

--
-- Dumping data for table `employee`
--

LOCK TABLES `employee` WRITE;
/*!40000 ALTER TABLE `employee` DISABLE KEYS */;
INSERT INTO `employee` VALUES (1,1,7,'63',1,'2022-02-05 14:17:46','2022-02-05 14:22:33'),(2,2,60,'537',1,'2022-02-05 14:17:52','2022-02-05 14:22:33'),(3,3,80,'497',1,'2022-02-05 14:17:52','2022-02-05 14:22:33'),(4,4,19,'871',1,'2022-02-05 14:17:52','2022-02-05 14:22:33'),(5,5,55,'865',1,'2022-02-05 14:17:52','2022-02-05 14:22:33'),(6,6,16,'710',1,'2022-02-05 14:17:53','2022-02-05 14:22:33'),(7,7,17,'956',1,'2022-02-05 14:17:53','2022-02-05 14:22:33'),(8,8,34,'648',1,'2022-02-05 14:17:53','2022-02-05 14:22:33'),(9,9,21,'371',1,'2022-02-05 14:17:53','2022-02-05 14:22:33'),(10,10,1,'913',1,'2022-02-05 14:17:53','2022-02-05 14:21:29'),(11,11,40,'452',1,'2022-02-05 14:17:53','2022-02-05 14:22:33'),(12,12,98,'518',1,'2022-02-05 14:17:53','2022-02-05 14:22:33'),(13,13,68,'233',1,'2022-02-05 14:17:53','2022-02-05 14:22:33'),(14,14,48,'612',1,'2022-02-05 14:17:53','2022-02-05 14:22:33'),(15,15,34,'360',1,'2022-02-05 14:17:53','2022-02-05 14:22:33'),(16,16,25,'962',1,'2022-02-05 14:17:54','2022-02-05 14:22:33'),(17,17,25,'731',1,'2022-02-05 14:17:54','2022-02-05 14:22:33'),(18,18,49,'768',1,'2022-02-05 14:17:54','2022-02-05 14:22:33'),(19,19,67,'646',1,'2022-02-05 14:17:54','2022-02-05 14:22:33'),(20,20,88,'925',1,'2022-02-05 14:17:54','2022-02-05 14:22:33'),(21,21,41,'687',1,'2022-02-05 14:17:54','2022-02-05 14:22:33'),(22,22,38,'658',1,'2022-02-05 14:17:54','2022-02-05 14:22:33'),(23,23,69,'228',1,'2022-02-05 14:17:54','2022-02-05 14:22:33'),(24,24,30,'166',1,'2022-02-05 14:17:54','2022-02-05 14:22:33'),(25,25,43,'144',1,'2022-02-05 14:17:54','2022-02-05 14:22:33'),(26,26,22,'225',1,'2022-02-05 14:17:54','2022-02-05 14:22:33'),(27,27,83,'690',1,'2022-02-05 14:17:54','2022-02-05 14:22:33'),(28,28,48,'774',1,'2022-02-05 14:17:54','2022-02-05 14:22:33'),(29,29,91,'798',1,'2022-02-05 14:17:54','2022-02-05 14:22:33'),(30,30,11,'671',1,'2022-02-05 14:17:54','2022-02-05 14:22:33'),(31,31,80,'958',1,'2022-02-05 14:17:55','2022-02-05 14:22:33'),(32,32,66,'778',1,'2022-02-05 14:17:55','2022-02-05 14:22:33'),(33,33,88,'14',1,'2022-02-05 14:17:55','2022-02-05 14:22:33'),(34,34,45,'738',1,'2022-02-05 14:17:55','2022-02-05 14:22:33'),(35,35,58,'647',1,'2022-02-05 14:17:55','2022-02-05 14:22:33'),(36,36,57,'22',1,'2022-02-05 14:17:55','2022-02-05 14:22:33'),(37,37,8,'167',1,'2022-02-05 14:17:55','2022-02-05 14:22:33'),(38,38,68,'767',1,'2022-02-05 14:17:55','2022-02-05 14:22:33'),(39,39,15,'333',1,'2022-02-05 14:17:55','2022-02-05 14:22:33'),(40,40,73,'363',1,'2022-02-05 14:17:55','2022-02-05 14:22:33'),(41,41,17,'816',1,'2022-02-05 14:17:55','2022-02-05 14:22:33'),(42,42,65,'989',1,'2022-02-05 14:17:55','2022-02-05 14:22:33'),(43,43,73,'498',1,'2022-02-05 14:17:55','2022-02-05 14:22:33'),(44,44,73,'524',1,'2022-02-05 14:17:55','2022-02-05 14:22:33'),(45,45,42,'124',1,'2022-02-05 14:17:55','2022-02-05 14:22:33'),(46,46,94,'48',1,'2022-02-05 14:17:56','2022-02-05 14:22:33'),(47,47,41,'867',1,'2022-02-05 14:17:56','2022-02-05 14:22:33'),(48,48,23,'191',1,'2022-02-05 14:17:56','2022-02-05 14:22:33'),(49,49,91,'353',1,'2022-02-05 14:17:56','2022-02-05 14:22:33'),(50,50,87,'190',1,'2022-02-05 14:17:56','2022-02-05 14:22:33'),(51,51,60,'894',1,'2022-02-05 14:17:56','2022-02-05 14:22:33'),(52,52,41,'896',1,'2022-02-05 14:17:56','2022-02-05 14:22:33'),(53,53,22,'799',1,'2022-02-05 14:17:56','2022-02-05 14:22:33'),(54,54,89,'307',1,'2022-02-05 14:17:56','2022-02-05 14:22:33'),(55,55,75,'139',1,'2022-02-05 14:17:56','2022-02-05 14:22:33'),(56,56,10,'772',1,'2022-02-05 14:17:56','2022-02-05 14:22:33'),(57,57,26,'442',1,'2022-02-05 14:17:56','2022-02-05 14:22:33'),(58,58,97,'892',1,'2022-02-05 14:17:56','2022-02-05 14:22:33'),(59,59,8,'136',1,'2022-02-05 14:17:56','2022-02-05 14:22:33'),(60,60,48,'2',1,'2022-02-05 14:17:56','2022-02-05 14:22:33'),(61,61,15,'600',1,'2022-02-05 14:17:57','2022-02-05 14:22:33'),(62,62,32,'995',1,'2022-02-05 14:17:57','2022-02-05 14:22:33'),(63,63,14,'176',1,'2022-02-05 14:17:57','2022-02-05 14:22:33'),(64,64,74,'895',1,'2022-02-05 14:17:57','2022-02-05 14:22:33'),(65,65,27,'947',1,'2022-02-05 14:17:57','2022-02-05 14:22:33'),(66,66,14,'49',1,'2022-02-05 14:17:57','2022-02-05 14:22:33'),(67,67,89,'402',1,'2022-02-05 14:17:57','2022-02-05 14:22:33'),(68,68,1,'861',1,'2022-02-05 14:17:57','2022-02-05 14:21:29'),(69,69,38,'101',1,'2022-02-05 14:17:57','2022-02-05 14:22:33'),(70,70,85,'920',1,'2022-02-05 14:18:06','2022-02-05 14:22:33'),(71,71,10,'296',1,'2022-02-05 14:18:06','2022-02-05 14:22:33'),(72,72,96,'720',1,'2022-02-05 14:18:06','2022-02-05 14:22:33'),(73,73,47,'713',1,'2022-02-05 14:18:07','2022-02-05 14:22:33'),(74,74,48,'405',1,'2022-02-05 14:18:07','2022-02-05 14:22:33'),(75,75,99,'885',1,'2022-02-05 14:18:07','2022-02-05 14:22:33'),(76,76,51,'207',1,'2022-02-05 14:18:07','2022-02-05 14:22:33'),(77,77,58,'383',1,'2022-02-05 14:18:07','2022-02-05 14:22:33'),(78,78,36,'292',1,'2022-02-05 14:18:07','2022-02-05 14:22:33'),(79,79,4,'312',1,'2022-02-05 14:18:07','2022-02-05 14:22:33'),(80,80,13,'681',1,'2022-02-05 14:18:07','2022-02-05 14:22:33'),(81,81,54,'470',1,'2022-02-05 14:18:07','2022-02-05 14:22:33'),(82,82,28,'305',1,'2022-02-05 14:18:07','2022-02-05 14:22:33'),(83,83,78,'114',1,'2022-02-05 14:18:07','2022-02-05 14:22:33'),(84,84,4,'656',1,'2022-02-05 14:18:07','2022-02-05 14:22:33'),(85,85,87,'938',1,'2022-02-05 14:18:07','2022-02-05 14:22:33'),(86,86,22,'723',1,'2022-02-05 14:18:07','2022-02-05 14:22:33'),(87,87,47,'797',1,'2022-02-05 14:18:07','2022-02-05 14:22:33'),(88,88,69,'817',1,'2022-02-05 14:18:08','2022-02-05 14:22:33'),(89,89,3,'692',1,'2022-02-05 14:18:08','2022-02-05 14:22:33'),(90,90,10,'8',1,'2022-02-05 14:18:08','2022-02-05 14:22:33'),(91,91,37,'963',1,'2022-02-05 14:18:08','2022-02-05 14:22:33'),(92,92,57,'793',1,'2022-02-05 14:18:08','2022-02-05 14:22:33'),(93,93,75,'76',1,'2022-02-05 14:18:08','2022-02-05 14:22:33'),(94,94,1,'1',1,'2022-02-05 14:18:08','2022-02-05 14:21:29'),(95,95,80,'776',1,'2022-02-05 14:18:08','2022-02-05 14:22:33'),(96,96,96,'875',1,'2022-02-05 14:18:08','2022-02-05 14:22:33'),(97,97,38,'48',1,'2022-02-05 14:18:08','2022-02-05 14:22:33'),(98,98,3,'612',1,'2022-02-05 14:18:08','2022-02-05 14:22:33'),(99,99,1,'919',1,'2022-02-05 14:18:08','2022-02-05 14:21:29'),(100,100,94,'755',1,'2022-02-05 14:18:08','2022-02-05 14:22:33');
/*!40000 ALTER TABLE `employee` ENABLE KEYS */;
UNLOCK TABLES;

--
-- Temporary view structure for view `fired_today`
--

DROP TABLE IF EXISTS `fired_today`;
/*!50001 DROP VIEW IF EXISTS `fired_today`*/;
SET @saved_cs_client     = @@character_set_client;
/*!50503 SET character_set_client = utf8mb4 */;
/*!50001 CREATE VIEW `fired_today` AS SELECT 
 1 AS `first_name`,
 1 AS `last_name`,
 1 AS `tab_number`,
 1 AS `position`,
 1 AS `department`,
 1 AS `date_fired`*/;
SET character_set_client = @saved_cs_client;

--
-- Table structure for table `marital_status`
--

DROP TABLE IF EXISTS `marital_status`;
/*!40101 SET @saved_cs_client     = @@character_set_client */;
/*!50503 SET character_set_client = utf8mb4 */;
CREATE TABLE `marital_status` (
  `id` int unsigned NOT NULL AUTO_INCREMENT,
  `name` varchar(130) DEFAULT NULL COMMENT 'Название статуса семейного положения',
  `created_at` datetime DEFAULT CURRENT_TIMESTAMP COMMENT 'Время создания строки',
  `updated_at` datetime DEFAULT CURRENT_TIMESTAMP ON UPDATE CURRENT_TIMESTAMP COMMENT 'Время обновления строки',
  PRIMARY KEY (`id`)
) ENGINE=InnoDB AUTO_INCREMENT=9 DEFAULT CHARSET=utf8mb4 COLLATE=utf8mb4_0900_ai_ci COMMENT='Физ лица';
/*!40101 SET character_set_client = @saved_cs_client */;

--
-- Dumping data for table `marital_status`
--

LOCK TABLES `marital_status` WRITE;
/*!40000 ALTER TABLE `marital_status` DISABLE KEYS */;
INSERT INTO `marital_status` VALUES (1,'Женат','2022-01-30 12:42:49','2022-01-30 12:42:49'),(2,'Холост','2022-01-30 12:42:49','2022-01-30 12:42:49'),(3,'Разведён','2022-01-30 12:42:49','2022-01-30 12:42:49'),(4,'Разведена','2022-01-30 12:42:49','2022-01-30 12:42:49'),(5,'Замужем','2022-01-30 12:42:49','2022-01-30 12:42:49'),(6,'Не замужем','2022-01-30 12:42:49','2022-01-30 12:42:49'),(7,'Вдовец','2022-01-30 12:42:49','2022-01-30 12:42:49'),(8,'Вдова','2022-01-30 12:42:49','2022-01-30 12:42:49');
/*!40000 ALTER TABLE `marital_status` ENABLE KEYS */;
UNLOCK TABLES;

--
-- Table structure for table `move_employee`
--

DROP TABLE IF EXISTS `move_employee`;
/*!40101 SET @saved_cs_client     = @@character_set_client */;
/*!50503 SET character_set_client = utf8mb4 */;
CREATE TABLE `move_employee` (
  `id` bigint unsigned NOT NULL AUTO_INCREMENT COMMENT 'ид перемещения',
  `salary` int unsigned NOT NULL COMMENT 'оклад',
  `allowance` int unsigned DEFAULT NULL COMMENT 'надбавка',
  `type_move_id` int unsigned DEFAULT NULL,
  `schedule_id` int unsigned DEFAULT NULL,
  `date_move` date NOT NULL COMMENT 'Дата перемещения',
  `document_id` int unsigned DEFAULT NULL,
  `position_id` int unsigned DEFAULT NULL,
  `depart_id` int unsigned DEFAULT NULL,
  `emp_id` int unsigned NOT NULL COMMENT 'ид сотрудника',
  `rate` float NOT NULL COMMENT 'ставка',
  `created_at` datetime DEFAULT CURRENT_TIMESTAMP COMMENT 'Время создания строки',
  `updated_at` datetime DEFAULT CURRENT_TIMESTAMP ON UPDATE CURRENT_TIMESTAMP COMMENT 'Время обновления строки',
  PRIMARY KEY (`id`),
  UNIQUE KEY `id` (`id`),
  KEY `move_employee_type_move_id_fk` (`type_move_id`),
  KEY `move_employee_schedule_id_fk` (`schedule_id`),
  KEY `move_employee_document_id_fk` (`document_id`),
  KEY `move_employee_position_id_fk` (`position_id`),
  KEY `move_employee_depart_id_fk` (`depart_id`),
  KEY `move_employee_emp_id_fk` (`emp_id`),
  KEY `move_employee_date_move_idx` (`date_move`),
  CONSTRAINT `move_employee_depart_id_fk` FOREIGN KEY (`depart_id`) REFERENCES `departments` (`id`) ON DELETE SET NULL,
  CONSTRAINT `move_employee_document_id_fk` FOREIGN KEY (`document_id`) REFERENCES `documents` (`id`) ON DELETE SET NULL,
  CONSTRAINT `move_employee_emp_id_fk` FOREIGN KEY (`emp_id`) REFERENCES `employee` (`id`) ON DELETE CASCADE,
  CONSTRAINT `move_employee_position_id_fk` FOREIGN KEY (`position_id`) REFERENCES `positions` (`id`) ON DELETE SET NULL,
  CONSTRAINT `move_employee_schedule_id_fk` FOREIGN KEY (`schedule_id`) REFERENCES `schedule` (`id`) ON DELETE SET NULL,
  CONSTRAINT `move_employee_type_move_id_fk` FOREIGN KEY (`type_move_id`) REFERENCES `type_move` (`id`) ON DELETE SET NULL
) ENGINE=InnoDB AUTO_INCREMENT=120 DEFAULT CHARSET=utf8mb4 COLLATE=utf8mb4_0900_ai_ci COMMENT='перемещение сотрудника';
/*!40101 SET character_set_client = @saved_cs_client */;

--
-- Dumping data for table `move_employee`
--

LOCK TABLES `move_employee` WRITE;
/*!40000 ALTER TABLE `move_employee` DISABLE KEYS */;
INSERT INTO `move_employee` VALUES (1,111000,26600,1,1,'2022-02-05',1,1,16,1,1,'2022-02-05 14:55:49','2022-02-05 15:19:07'),(2,134000,38700,1,1,'2022-02-05',2,2,6,2,1,'2022-02-05 14:55:57','2022-02-05 15:19:07'),(3,140000,33700,1,1,'2022-02-05',3,3,12,3,1,'2022-02-05 14:55:58','2022-02-05 15:19:07'),(4,133000,37400,1,1,'2022-02-05',4,4,12,4,1,'2022-02-05 14:55:58','2022-02-05 15:19:07'),(5,144000,26000,1,1,'2022-02-05',5,5,24,5,1,'2022-02-05 14:55:58','2022-02-05 15:19:07'),(6,121000,22500,1,1,'2022-02-05',6,6,24,6,1,'2022-02-05 14:55:58','2022-02-05 15:19:07'),(7,122000,24500,1,1,'2022-02-05',7,7,17,7,1,'2022-02-05 14:55:58','2022-02-05 15:19:07'),(8,143000,30000,1,1,'2022-02-05',8,8,13,8,1,'2022-02-05 14:55:58','2022-02-05 15:19:07'),(9,141000,31200,1,1,'2022-02-05',9,9,12,9,1,'2022-02-05 14:55:59','2022-02-05 15:19:07'),(10,114000,36300,1,1,'2022-02-05',10,10,19,10,1,'2022-02-05 14:55:59','2022-02-05 15:19:07'),(11,151000,27500,1,1,'2022-02-05',11,11,1,11,1,'2022-02-05 14:55:59','2022-02-05 15:19:07'),(12,110000,33800,1,1,'2022-02-05',12,12,6,12,1,'2022-02-05 14:55:59','2022-02-05 15:19:07'),(13,153000,36300,1,1,'2022-02-05',13,13,26,13,1,'2022-02-05 14:55:59','2022-02-05 15:19:07'),(14,113000,35000,1,1,'2022-02-05',14,14,24,14,1,'2022-02-05 14:55:59','2022-02-05 15:19:07'),(15,116000,36100,1,1,'2022-02-05',15,15,12,15,1,'2022-02-05 14:55:59','2022-02-05 15:19:07'),(16,128000,30300,1,1,'2022-02-05',16,16,14,16,1,'2022-02-05 14:55:59','2022-02-05 15:19:07'),(17,145000,23000,1,1,'2022-02-05',17,17,6,17,1,'2022-02-05 14:55:59','2022-02-05 15:19:07'),(18,138000,34200,1,1,'2022-02-05',18,18,18,18,1,'2022-02-05 14:55:59','2022-02-05 15:19:07'),(19,106000,32000,1,1,'2022-02-05',19,19,10,19,1,'2022-02-05 14:56:00','2022-02-05 15:19:07'),(20,112000,37000,1,1,'2022-02-05',20,20,27,20,1,'2022-02-05 14:56:00','2022-02-05 15:19:07'),(21,142000,28900,1,1,'2022-02-05',21,21,15,21,1,'2022-02-05 14:56:00','2022-02-05 15:19:07'),(22,126000,33500,1,1,'2022-02-05',22,22,25,22,1,'2022-02-05 14:56:00','2022-02-05 15:19:07'),(23,135000,30700,1,1,'2022-02-05',23,23,16,23,1,'2022-02-05 14:56:00','2022-02-05 15:19:07'),(24,103000,27800,1,1,'2022-02-05',24,24,6,24,1,'2022-02-05 14:56:00','2022-02-05 15:19:07'),(25,110000,31600,1,1,'2022-02-05',25,25,12,25,1,'2022-02-05 14:56:00','2022-02-05 15:19:07'),(26,134000,29500,1,1,'2022-02-05',26,26,9,26,1,'2022-02-05 14:56:00','2022-02-05 15:19:07'),(27,147000,32900,1,1,'2022-02-05',27,27,12,27,1,'2022-02-05 14:56:00','2022-02-05 15:19:07'),(28,114000,25500,1,1,'2022-02-05',28,28,29,28,1,'2022-02-05 14:56:00','2022-02-05 15:19:07'),(29,141000,28700,1,1,'2022-02-05',29,29,22,29,1,'2022-02-05 14:56:00','2022-02-05 15:19:07'),(30,149000,32000,1,1,'2022-02-05',30,30,19,30,1,'2022-02-05 14:56:00','2022-02-05 15:19:07'),(31,116000,28600,1,1,'2022-02-05',31,31,1,31,1,'2022-02-05 14:56:00','2022-02-05 15:19:07'),(32,131000,37100,1,1,'2022-02-05',32,32,7,32,1,'2022-02-05 14:56:00','2022-02-05 15:19:07'),(33,112000,29500,1,1,'2022-02-05',33,33,1,33,1,'2022-02-05 14:56:00','2022-02-05 15:19:07'),(34,112000,26000,1,1,'2022-02-05',34,34,12,34,1,'2022-02-05 14:56:01','2022-02-05 15:19:07'),(35,131000,26900,1,1,'2022-02-05',35,35,26,35,1,'2022-02-05 14:56:01','2022-02-05 15:19:07'),(36,147000,31000,1,1,'2022-02-05',36,36,5,36,1,'2022-02-05 14:56:01','2022-02-05 15:19:07'),(37,144000,29500,1,1,'2022-02-05',37,37,8,37,1,'2022-02-05 14:56:01','2022-02-05 15:19:07'),(38,134000,34200,1,1,'2022-02-05',38,38,23,38,1,'2022-02-05 14:56:01','2022-02-05 15:19:07'),(39,121000,32500,1,1,'2022-02-05',39,39,30,39,1,'2022-02-05 14:56:01','2022-02-05 15:19:07'),(40,111000,34700,1,1,'2022-02-05',40,40,19,40,1,'2022-02-05 14:56:01','2022-02-05 15:19:07'),(41,141000,25900,1,1,'2022-02-05',41,41,6,41,1,'2022-02-05 14:56:01','2022-02-05 15:19:07'),(42,117000,25400,1,1,'2022-02-05',42,42,3,42,1,'2022-02-05 14:56:01','2022-02-05 15:19:07'),(43,145000,33800,1,1,'2022-02-05',43,43,25,43,1,'2022-02-05 14:56:01','2022-02-05 15:19:07'),(44,132000,33100,1,1,'2022-02-05',44,44,26,44,1,'2022-02-05 14:56:01','2022-02-05 15:19:07'),(45,119000,29200,1,1,'2022-02-05',45,45,25,45,1,'2022-02-05 14:56:01','2022-02-05 15:19:07'),(46,136000,36200,1,1,'2022-02-05',46,46,18,46,1,'2022-02-05 14:56:01','2022-02-05 15:19:07'),(47,123000,28300,1,1,'2022-02-05',47,47,11,47,1,'2022-02-05 14:56:01','2022-02-05 15:19:07'),(48,105000,23200,1,1,'2022-02-05',48,48,4,48,1,'2022-02-05 14:56:01','2022-02-05 15:19:07'),(49,106000,25500,1,1,'2022-02-05',49,49,14,49,1,'2022-02-05 14:56:02','2022-02-05 15:19:07'),(50,108000,28200,1,1,'2022-02-05',50,50,30,50,1,'2022-02-05 14:56:02','2022-02-05 15:19:07'),(51,115000,24400,1,1,'2022-02-05',51,51,18,51,1,'2022-02-05 14:56:02','2022-02-05 15:19:07'),(52,144000,27200,1,1,'2022-02-05',52,52,27,52,1,'2022-02-05 14:56:02','2022-02-05 15:19:07'),(53,118000,32600,1,1,'2022-02-05',53,53,21,53,1,'2022-02-05 14:56:02','2022-02-05 15:19:07'),(54,148000,31200,1,1,'2022-02-05',54,54,26,54,1,'2022-02-05 14:56:02','2022-02-05 15:19:07'),(55,152000,23500,1,1,'2022-02-05',55,55,5,55,1,'2022-02-05 14:56:02','2022-02-05 15:19:07'),(56,153000,33400,1,1,'2022-02-05',56,56,4,56,1,'2022-02-05 14:56:02','2022-02-05 15:19:07'),(57,148000,21200,1,1,'2022-02-05',57,57,8,57,1,'2022-02-05 14:56:02','2022-02-05 15:19:07'),(58,127000,25900,1,1,'2022-02-05',58,58,25,58,1,'2022-02-05 14:56:02','2022-02-05 15:19:07'),(59,136000,26000,1,1,'2022-02-05',59,59,11,59,1,'2022-02-05 14:56:02','2022-02-05 15:19:07'),(60,144000,27200,1,1,'2022-02-05',60,60,9,60,1,'2022-02-05 14:56:02','2022-02-05 15:19:07'),(61,117000,32900,1,1,'2022-02-05',61,61,13,61,1,'2022-02-05 14:56:02','2022-02-05 15:19:07'),(62,106000,37800,1,1,'2022-02-05',62,62,7,62,1,'2022-02-05 14:56:02','2022-02-05 15:19:07'),(63,113000,29900,1,1,'2022-02-05',63,63,26,63,1,'2022-02-05 14:56:02','2022-02-05 15:19:07'),(64,140000,26300,1,1,'2022-02-05',64,64,17,64,1,'2022-02-05 14:56:02','2022-02-05 15:19:07'),(65,116000,36400,1,1,'2022-02-05',65,65,8,65,1,'2022-02-05 14:56:03','2022-02-05 15:19:07'),(66,148000,28300,1,1,'2022-02-05',66,66,17,66,1,'2022-02-05 14:56:03','2022-02-05 15:19:07'),(67,154000,27100,1,1,'2022-02-05',67,67,2,67,1,'2022-02-05 14:56:03','2022-02-05 15:19:07'),(68,112000,25300,1,1,'2022-02-05',68,68,18,68,1,'2022-02-05 14:56:03','2022-02-05 15:19:07'),(69,141000,35200,1,1,'2022-02-05',69,69,22,69,1,'2022-02-05 14:56:03','2022-02-05 15:19:07'),(70,113000,35200,1,1,'2022-02-05',70,70,29,70,1,'2022-02-05 14:56:03','2022-02-05 15:19:07'),(71,135000,25000,1,1,'2022-02-05',71,71,15,71,1,'2022-02-05 14:56:03','2022-02-05 15:19:07'),(72,132000,29600,1,1,'2022-02-05',72,72,18,72,1,'2022-02-05 14:56:03','2022-02-05 15:19:07'),(73,152000,27900,1,1,'2022-02-05',73,73,13,73,1,'2022-02-05 14:56:03','2022-02-05 15:19:07'),(74,108000,35500,1,1,'2022-02-05',74,74,12,74,1,'2022-02-05 14:56:03','2022-02-05 15:19:07'),(75,142000,28700,1,1,'2022-02-05',75,75,21,75,1,'2022-02-05 14:56:03','2022-02-05 15:19:07'),(76,119000,21800,1,1,'2022-02-05',76,76,9,76,1,'2022-02-05 14:56:03','2022-02-05 15:19:07'),(77,115000,32700,1,1,'2022-02-05',77,77,12,77,1,'2022-02-05 14:56:03','2022-02-05 15:19:07'),(78,117000,33100,1,1,'2022-02-05',78,78,4,78,1,'2022-02-05 14:56:03','2022-02-05 15:19:07'),(79,135000,32600,1,1,'2022-02-05',79,79,11,79,1,'2022-02-05 14:56:03','2022-02-05 15:19:07'),(80,131000,28400,1,1,'2022-02-05',80,80,14,80,1,'2022-02-05 14:56:04','2022-02-05 15:19:07'),(81,134000,29300,1,1,'2022-02-05',81,81,8,81,1,'2022-02-05 14:56:04','2022-02-05 15:19:07'),(82,135000,31400,1,1,'2022-02-05',82,82,26,82,1,'2022-02-05 14:56:04','2022-02-05 15:19:07'),(83,116000,33500,1,1,'2022-02-05',83,83,14,83,1,'2022-02-05 14:56:04','2022-02-05 15:19:07'),(84,125000,23300,1,1,'2022-02-05',84,84,22,84,1,'2022-02-05 14:56:04','2022-02-05 15:19:07'),(85,114000,26000,1,1,'2022-02-05',85,85,8,85,1,'2022-02-05 14:56:04','2022-02-05 15:19:07'),(86,153000,25300,1,1,'2022-02-05',86,86,4,86,1,'2022-02-05 14:56:04','2022-02-05 15:19:07'),(87,112000,38200,1,1,'2022-02-05',87,87,23,87,1,'2022-02-05 14:56:04','2022-02-05 15:19:07'),(88,145000,35200,1,1,'2022-02-05',88,88,14,88,1,'2022-02-05 14:56:04','2022-02-05 15:19:07'),(89,135000,25900,1,1,'2022-02-05',89,89,1,89,1,'2022-02-05 14:56:04','2022-02-05 15:19:07'),(90,140000,28800,1,1,'2022-02-05',90,90,21,90,1,'2022-02-05 14:56:04','2022-02-05 15:19:07'),(91,135000,36200,1,1,'2022-02-05',91,91,14,91,1,'2022-02-05 14:56:04','2022-02-05 15:19:07'),(92,147000,34700,1,1,'2022-02-05',92,92,6,92,1,'2022-02-05 14:56:04','2022-02-05 15:19:07'),(93,128000,29800,1,1,'2022-02-05',93,93,19,93,1,'2022-02-05 14:56:04','2022-02-05 15:19:07'),(94,139000,34700,1,1,'2022-02-05',94,94,15,94,1,'2022-02-05 14:56:04','2022-02-05 15:19:07'),(95,113000,24200,1,1,'2022-02-05',95,95,19,95,1,'2022-02-05 14:56:13','2022-02-05 15:19:07'),(96,148000,31900,1,1,'2022-02-05',96,96,17,96,1,'2022-02-05 14:56:14','2022-02-05 15:19:07'),(97,102000,36500,1,1,'2022-02-05',97,97,27,97,1,'2022-02-05 14:56:14','2022-02-05 15:19:07'),(98,114000,37200,1,1,'2022-02-05',98,98,24,98,1,'2022-02-05 14:56:15','2022-02-05 15:19:07'),(99,108000,35900,1,1,'2022-02-05',99,99,8,99,1,'2022-02-05 14:56:15','2022-02-05 15:19:07'),(100,152000,37700,1,1,'2022-02-05',100,100,29,100,1,'2022-02-05 14:56:15','2022-02-05 15:19:07'),(101,50000,10000,2,1,'2022-02-19',NULL,101,29,100,1,'2022-02-19 06:43:26','2022-02-19 06:43:26'),(102,500000,10000,4,1,'2022-02-19',NULL,99,29,99,1,'2022-02-19 07:55:07','2022-02-19 07:55:07'),(117,113000,24200,3,1,'2022-02-19',112,95,19,95,1,'2022-02-19 11:41:09','2022-02-19 11:41:09'),(118,139000,34700,3,1,'2022-02-19',113,94,15,94,1,'2022-02-19 11:41:55','2022-02-19 11:41:55'),(119,128000,29800,3,1,'2022-02-20',114,93,19,93,1,'2022-02-19 11:48:41','2022-02-19 11:48:41');
/*!40000 ALTER TABLE `move_employee` ENABLE KEYS */;
UNLOCK TABLES;

--
-- Table structure for table `person`
--

DROP TABLE IF EXISTS `person`;
/*!40101 SET @saved_cs_client     = @@character_set_client */;
/*!50503 SET character_set_client = utf8mb4 */;
CREATE TABLE `person` (
  `id` int unsigned NOT NULL AUTO_INCREMENT COMMENT 'Идентификатор строки',
  `first_name` varchar(100) CHARACTER SET utf8mb4 COLLATE utf8mb4_unicode_ci NOT NULL COMMENT 'Имя',
  `last_name` varchar(100) CHARACTER SET utf8mb4 COLLATE utf8mb4_unicode_ci NOT NULL COMMENT 'Фамилия',
  `second_name` varchar(100) CHARACTER SET utf8mb4 COLLATE utf8mb4_unicode_ci NOT NULL COMMENT 'Отчество',
  `gender` char(1) CHARACTER SET utf8mb4 COLLATE utf8mb4_unicode_ci NOT NULL COMMENT 'Пол',
  `birthday` date NOT NULL COMMENT 'Дата рождения',
  `inn` int unsigned NOT NULL COMMENT 'ИНН',
  `country_id` int unsigned DEFAULT NULL,
  `place_birth` varchar(100) CHARACTER SET utf8mb4 COLLATE utf8mb4_unicode_ci DEFAULT NULL COMMENT 'Место рождения',
  `resident` tinyint(1) DEFAULT '1' COMMENT 'Налоговый резидент',
  `marital_status_id` int unsigned DEFAULT NULL,
  `education_id` int unsigned DEFAULT NULL,
  `created_at` datetime DEFAULT CURRENT_TIMESTAMP COMMENT 'Время создания строки',
  `updated_at` datetime DEFAULT CURRENT_TIMESTAMP ON UPDATE CURRENT_TIMESTAMP COMMENT 'Время обновления строки',
  PRIMARY KEY (`id`),
  UNIQUE KEY `id` (`id`),
  UNIQUE KEY `inn` (`inn`),
  KEY `person_country_id_fk` (`country_id`),
  KEY `person_marital_status_id_fk` (`marital_status_id`),
  KEY `person_education_id_fk` (`education_id`),
  KEY `person_first_name_last_name_idx` (`first_name`,`last_name`),
  CONSTRAINT `person_country_id_fk` FOREIGN KEY (`country_id`) REFERENCES `countries` (`id`) ON DELETE SET NULL,
  CONSTRAINT `person_education_id_fk` FOREIGN KEY (`education_id`) REFERENCES `education` (`id`) ON DELETE SET NULL,
  CONSTRAINT `person_marital_status_id_fk` FOREIGN KEY (`marital_status_id`) REFERENCES `marital_status` (`id`) ON DELETE SET NULL
) ENGINE=InnoDB AUTO_INCREMENT=101 DEFAULT CHARSET=utf8mb4 COLLATE=utf8mb4_unicode_ci COMMENT='физ лицо';
/*!40101 SET character_set_client = @saved_cs_client */;

--
-- Dumping data for table `person`
--

LOCK TABLES `person` WRITE;
/*!40000 ALTER TABLE `person` DISABLE KEYS */;
INSERT INTO `person` VALUES (1,'Lydia','Muller','Corkery','M','1966-05-17',514219977,1,'1',1,3,8,'2019-10-25 09:45:36','2022-02-19 05:09:43'),(2,'Vesta','Quigley','Auer','F','1985-11-19',123413487,1,'1',1,6,6,'2020-06-08 04:59:30','2022-02-19 05:09:43'),(3,'Thad','Hartmann','Runolfsson','M','1984-02-19',984929679,1,'1',1,4,4,'2019-03-24 09:03:53','2022-02-19 05:09:43'),(4,'Daren','Ritchie','Hagenes','F','1990-08-30',299939697,1,'1',1,4,10,'2022-01-08 13:42:44','2022-02-19 05:09:43'),(5,'Candido','Bradtke','Wilderman','M','1982-08-09',736069200,1,'1',1,5,9,'2014-09-27 23:02:32','2022-02-19 05:09:43'),(6,'Shaina','Adams','Cremin','M','1987-11-26',826569170,1,'1',1,3,5,'2021-09-20 20:26:27','2022-02-19 05:09:43'),(7,'Adele','Parker','Schuppe','M','1983-11-12',305390341,1,'1',1,3,9,'2019-12-17 20:08:38','2022-02-19 05:09:43'),(8,'Karley','Hilll','Effertz','F','1984-06-17',379384688,1,'1',1,5,7,'2013-11-04 09:05:06','2022-02-19 05:09:43'),(9,'Meghan','Keeling','Labadie','M','1983-07-06',574465640,1,'1',1,6,7,'2019-10-10 07:31:38','2022-02-19 05:09:43'),(10,'Nona','Bailey','Gerlach','F','1987-02-11',260400634,3,'3',0,1,6,'2013-10-10 05:22:14','2022-02-19 05:09:43'),(11,'Coy','Robel','Stehr','M','1988-03-24',516364778,1,'1',1,2,9,'2016-08-31 08:38:15','2022-02-19 05:09:43'),(12,'Aliyah','Dietrich','Hilpert','F','1989-09-14',794569193,1,'1',1,7,4,'2021-03-08 15:25:43','2022-02-19 05:09:43'),(13,'Cary','Powlowski','Jones','M','1984-03-26',827876482,1,'1',1,4,5,'2012-08-27 19:08:56','2022-02-19 05:09:43'),(14,'Cassandra','Bogisich','Welch','F','1986-01-15',907770546,1,'1',1,5,2,'2016-05-21 13:05:57','2022-02-19 05:09:43'),(15,'Meredith','Kirlin','Wintheiser','F','1985-08-13',163627710,1,'1',1,3,5,'2014-05-03 10:55:50','2022-02-19 05:09:43'),(16,'Linda','Ankunding','Feest','M','1986-12-06',276363406,1,'1',1,3,8,'2016-08-05 10:01:11','2022-02-19 05:09:43'),(17,'Bella','Yundt','Walter','F','1989-04-22',770108121,1,'1',1,5,6,'2017-10-20 00:13:57','2022-02-19 05:09:43'),(18,'Elsie','Wehner','Block','M','1985-05-26',750726616,1,'1',1,7,5,'2014-09-13 05:46:41','2022-02-19 05:09:43'),(19,'Cruz','Kirlin','Kozey','F','1985-10-12',460811090,1,'1',1,2,5,'2021-05-14 23:45:41','2022-02-19 05:09:43'),(20,'Schuyler','Haley','Larson','M','1989-04-09',993644546,1,'1',1,7,9,'2017-07-19 13:47:44','2022-02-19 05:09:43'),(21,'Kiley','Dach','Gaylord','F','1985-06-19',136129734,1,'1',1,3,10,'2019-12-02 17:23:10','2022-02-19 05:09:43'),(22,'Kyleigh','Schinner','Walsh','M','1982-05-10',145794854,1,'1',1,1,1,'2014-10-25 06:27:42','2022-02-19 05:09:43'),(23,'Mable','Gibson','Schmidt','F','1987-10-29',765430796,1,'1',1,5,7,'2013-09-15 23:32:14','2022-02-19 05:09:43'),(24,'Alison','Roberts','Upton','M','1985-10-09',160944322,1,'1',1,7,1,'2016-12-01 16:42:42','2022-02-19 05:09:43'),(25,'Addison','Kshlerin','Koelpin','M','1985-09-22',108303467,1,'1',1,2,3,'2019-03-09 23:04:36','2022-02-19 05:09:43'),(26,'Destini','Quitzon','Kertzmann','F','1988-08-10',309211457,1,'1',1,4,10,'2018-10-02 13:47:24','2022-02-19 05:09:43'),(27,'Rosella','O\'Connell','Ernser','M','1989-06-20',682605923,1,'1',1,6,10,'2014-10-05 18:34:24','2022-02-19 05:09:43'),(28,'Demarcus','Lehner','Schroeder','M','1988-05-13',366270622,1,'1',1,1,2,'2012-04-26 13:55:55','2022-02-19 05:09:43'),(29,'Shawn','Schuppe','Macejkovic','F','1985-10-31',452859267,1,'1',1,4,9,'2012-11-28 11:20:50','2022-02-19 05:09:43'),(30,'Juvenal','Mayer','Krajcik','M','1991-08-25',85734442,1,'1',1,2,8,'2014-11-16 04:54:14','2022-02-19 05:09:43'),(31,'Adriana','Johnston','Stoltenberg','F','1983-10-29',385808542,1,'1',1,2,5,'2021-03-15 10:30:02','2022-02-19 05:09:43'),(32,'Doug','Prosacco','Braun','M','1987-10-21',244326273,1,'1',1,6,8,'2015-06-19 02:14:58','2022-02-19 05:09:43'),(33,'Lawson','Ryan','Osinski','F','1987-11-09',341844789,1,'1',1,5,4,'2013-05-16 21:26:40','2022-02-19 05:09:43'),(34,'Sanford','Gleason','Cremin','M','1987-02-24',757604372,1,'1',1,8,5,'2020-12-03 07:06:35','2022-02-19 05:09:43'),(35,'Demarco','Beier','Bogan','F','1989-01-30',377394811,1,'1',1,1,4,'2013-07-10 09:03:38','2022-02-19 05:09:43'),(36,'Roosevelt','Schaden','Hackett','M','1989-08-26',515000528,1,'1',1,5,4,'2019-02-23 07:52:14','2022-02-19 05:09:43'),(37,'Nico','Ryan','Miller','M','1990-09-18',969569811,1,'1',1,6,8,'2019-08-12 22:45:06','2022-02-19 05:09:43'),(38,'Keanu','Moore','Hayes','M','1989-10-08',613671635,1,'1',1,4,5,'2020-07-04 15:01:54','2022-02-19 05:09:43'),(39,'Lela','Mayer','Koepp','F','1989-08-25',148800702,1,'1',1,2,2,'2017-03-17 01:41:21','2022-02-19 05:09:43'),(40,'Reggie','Harber','Price','F','1989-10-25',380112672,1,'1',1,7,6,'2019-01-16 17:26:54','2022-02-19 05:09:43'),(41,'Hosea','Hodkiewicz','Moen','M','1991-08-19',653381450,1,'1',1,5,2,'2014-09-27 17:28:04','2022-02-19 05:09:43'),(42,'Juwan','Corkery','Schneider','M','1990-05-07',960845304,1,'1',1,2,2,'2021-08-02 10:47:07','2022-02-19 05:09:43'),(43,'Garrick','Harber','Gleason','M','1984-06-04',178269599,1,'1',1,4,3,'2020-05-10 06:59:28','2022-02-19 05:09:43'),(44,'Delfina','Borer','McCullough','M','1989-08-07',497422132,1,'1',1,3,7,'2019-05-28 17:23:18','2022-02-19 05:09:43'),(45,'Jordon','Heaney','Johns','M','1983-01-02',303073200,1,'1',1,3,8,'2019-09-20 21:00:13','2022-02-19 05:09:43'),(46,'Rahul','Feest','Swift','M','1989-01-18',884167328,1,'1',1,5,8,'2021-03-13 12:38:47','2022-02-19 05:09:43'),(47,'Christelle','Wyman','Walter','F','1985-07-07',139808968,1,'1',1,2,6,'2015-11-01 23:51:42','2022-02-19 05:09:43'),(48,'Odessa','Torphy','Dickens','F','1984-03-13',267965287,1,'1',1,1,4,'2012-09-08 00:53:28','2022-02-19 05:09:43'),(49,'Ila','McClure','Rippin','M','1984-04-23',488826639,1,'1',1,6,4,'2017-06-07 14:25:19','2022-02-19 05:09:43'),(50,'Jevon','Adams','Nikolaus','F','1983-03-19',850470868,1,'1',1,1,8,'2019-07-24 03:37:48','2022-02-19 05:09:43'),(51,'Gabriel','Paucek','Wintheiser','F','1983-07-15',795812836,1,'1',1,6,4,'2016-10-02 09:16:06','2022-02-19 05:09:43'),(52,'Norwood','Dickens','Schuster','M','1988-09-28',777116367,1,'1',1,8,8,'2016-09-27 14:56:07','2022-02-19 05:09:43'),(53,'Nichole','Hackett','King','F','1988-08-24',984461239,1,'1',1,4,6,'2018-11-25 13:57:54','2022-02-19 05:09:43'),(54,'Athena','Barton','Schowalter','M','1984-09-25',875722608,1,'1',1,6,4,'2018-06-25 06:47:34','2022-02-19 05:09:43'),(55,'Jaylan','Larkin','Bayer','F','1991-01-29',853685489,1,'1',1,7,5,'2015-02-24 01:15:55','2022-02-19 05:09:43'),(56,'Alison','Rodriguez','Russel','F','1986-01-21',325648882,1,'1',1,1,1,'2019-05-27 09:12:04','2022-02-19 05:09:43'),(57,'Timmothy','Smitham','Swift','M','1988-03-27',871153917,1,'1',1,8,10,'2014-08-02 02:33:47','2022-02-19 05:09:43'),(58,'Janie','Leuschke','Koelpin','M','1985-06-14',290325419,1,'1',1,3,5,'2013-06-22 06:52:28','2022-02-19 05:09:43'),(59,'Silas','Goodwin','Kirlin','M','1990-05-14',75544916,1,'1',1,7,4,'2013-12-30 17:30:16','2022-02-19 05:09:43'),(60,'Pablo','McCullough','Walsh','M','1984-08-28',684993952,1,'1',1,4,6,'2018-06-17 14:04:16','2022-02-19 05:09:43'),(61,'Luigi','Leuschke','Franecki','F','1991-08-16',722031899,1,'1',1,4,8,'2017-10-02 09:38:27','2022-02-19 05:09:43'),(62,'Oswaldo','Roberts','Block','M','1989-03-10',195364118,1,'1',1,1,10,'2014-04-25 17:54:20','2022-02-19 05:09:43'),(63,'Jannie','Powlowski','Mayert','F','1982-05-18',138026636,1,'1',1,1,4,'2019-10-03 22:02:42','2022-02-19 05:09:43'),(64,'Marcelle','Metz','Rogahn','F','1985-12-27',866517620,1,'1',1,7,3,'2015-12-08 14:23:09','2022-02-19 05:09:43'),(65,'Mitchel','Leannon','Von','F','1985-10-12',927844826,1,'1',1,8,1,'2017-06-19 15:07:02','2022-02-19 05:09:43'),(66,'Shayna','Koepp','Kilback','F','1985-10-30',243727717,1,'1',1,5,6,'2021-09-26 06:19:21','2022-02-19 05:09:43'),(67,'Vicenta','Oberbrunner','Blick','M','1987-03-20',734192693,1,'1',1,7,7,'2013-01-08 13:41:52','2022-02-19 05:09:43'),(68,'Fritz','Huel','Bergstrom','F','1986-08-20',768584627,1,'1',1,4,7,'2019-07-16 08:53:00','2022-02-19 05:09:43'),(69,'Gina','Collier','Lubowitz','M','1989-01-09',712422840,1,'1',1,5,3,'2015-11-06 03:54:49','2022-02-19 05:09:43'),(70,'Brody','Bailey','O\'Reilly','M','1991-11-29',664277877,1,'1',1,6,2,'2021-11-27 07:27:45','2022-02-19 05:09:43'),(71,'Clark','Borer','Miller','F','1986-08-18',762191496,1,'1',1,5,3,'2016-11-07 17:56:12','2022-02-19 05:09:43'),(72,'Willie','Nicolas','Jakubowski','F','1990-12-11',107863189,1,'1',1,1,6,'2020-03-31 10:19:30','2022-02-19 05:09:43'),(73,'Reyna','Yundt','Beatty','F','1988-08-19',551381527,1,'1',1,4,2,'2020-07-30 03:39:46','2022-02-19 05:09:43'),(74,'Betsy','Langosh','Reinger','F','1984-11-16',762616651,1,'1',1,2,3,'2016-08-03 23:19:19','2022-02-19 05:09:43'),(75,'Oceane','Fay','Cummerata','M','1991-09-01',430102490,1,'1',1,6,8,'2018-09-28 10:06:30','2022-02-19 05:09:43'),(76,'Shea','Schmitt','Johnston','M','1985-12-06',898391803,1,'1',1,6,1,'2013-09-10 00:04:44','2022-02-19 05:09:43'),(77,'Jerome','Volkman','O\'Conner','F','1987-11-16',772565832,3,'3',0,6,10,'2015-09-19 03:13:15','2022-02-19 05:09:43'),(78,'Jaydon','Lindgren','Swaniawski','F','1988-01-10',618335639,1,'1',1,1,6,'2012-11-12 21:56:44','2022-02-19 05:09:43'),(79,'Mazie','Littel','Lemke','M','1991-03-04',293540823,1,'1',1,1,9,'2014-10-29 18:42:30','2022-02-19 05:09:43'),(80,'Savion','Schneider','Lueilwitz','M','1988-02-18',294050737,6,'6',0,5,6,'2012-10-01 19:54:59','2022-02-19 05:09:43'),(81,'Mariano','Gutmann','Daniel','F','1987-05-17',131664937,9,'9',0,3,2,'2012-10-06 19:26:47','2022-02-19 05:09:43'),(82,'Marquis','Maggio','Schmidt','F','1988-01-11',845436464,6,'6',0,8,2,'2017-04-23 04:28:02','2022-02-19 05:09:43'),(83,'Lysanne','Effertz','Miller','M','1982-06-02',854543526,4,'4',0,6,5,'2021-03-25 02:27:16','2022-02-19 05:09:43'),(84,'Karli','Maggio','Bernier','M','1985-03-14',127324586,2,'2',0,7,8,'2018-09-17 18:24:55','2022-02-19 05:09:43'),(85,'Jerad','Steuber','Douglas','M','1989-10-14',731288911,5,'5',0,6,3,'2013-07-22 15:19:48','2022-02-19 05:09:43'),(86,'Bertram','Pollich','Rempel','M','1988-12-16',299162449,10,'10',0,4,3,'2019-04-22 04:58:52','2022-02-19 05:09:43'),(87,'Carrie','Schulist','Murray','M','1988-12-28',104327909,5,'5',0,7,3,'2017-09-17 07:28:39','2022-02-19 05:09:43'),(88,'Morgan','Heidenreich','Rohan','F','1985-06-04',282906711,3,'3',0,8,5,'2019-11-05 02:24:46','2022-02-19 05:09:43'),(89,'Marcelino','O\'Hara','Stanton','F','1986-11-07',704309614,7,'7',0,1,7,'2017-02-09 17:17:58','2022-02-19 05:09:43'),(90,'Zella','Zulauf','Ullrich','M','1985-09-08',241016262,6,'6',0,6,1,'2015-12-03 07:21:46','2022-02-19 05:09:43'),(91,'Hildegard','Windler','Rohan','F','1982-08-01',405703907,10,'10',0,8,2,'2016-03-14 18:36:19','2022-02-19 05:09:43'),(92,'Kirstin','Morar','Lebsack','F','1984-10-03',178410893,10,'10',0,7,8,'2014-02-06 12:35:26','2022-02-19 05:09:43'),(93,'Quinn','Berge','Kirlin','F','1989-10-21',559561101,9,'9',0,4,4,'2020-04-05 17:12:19','2022-02-19 05:09:43'),(94,'Wendell','Hills','Barrows','F','1986-11-16',930848532,7,'7',0,4,4,'2013-12-16 06:32:14','2022-02-19 05:09:43'),(95,'Raina','Kris','Walter','F','1984-06-03',803102077,5,'5',0,1,8,'2017-04-28 09:14:23','2022-02-19 05:09:43'),(96,'Kaitlin','Robel','Considine','F','1989-11-28',85373559,6,'6',0,6,9,'2018-01-21 17:34:46','2022-02-19 05:09:43'),(97,'Theresia','Lindgren','Harber','F','1986-07-13',968556016,4,'4',0,5,7,'2018-06-29 12:08:52','2022-02-19 05:09:43'),(98,'Robert','Stamm','Lesch','M','1991-06-23',386758144,2,'2',0,5,10,'2020-05-27 03:58:52','2022-02-19 05:09:43'),(99,'Fritz','Jacobs','Lowe','M','1991-04-14',148634661,5,'5',0,3,10,'2012-11-02 15:10:59','2022-02-19 05:09:43'),(100,'Timothy','Rolfson','O\'Kon','M','1988-02-26',151693274,10,'10',0,8,6,'2019-02-13 14:57:34','2022-02-19 05:09:43');
/*!40000 ALTER TABLE `person` ENABLE KEYS */;
UNLOCK TABLES;

--
-- Table structure for table `positions`
--

DROP TABLE IF EXISTS `positions`;
/*!40101 SET @saved_cs_client     = @@character_set_client */;
/*!50503 SET character_set_client = utf8mb4 */;
CREATE TABLE `positions` (
  `id` int unsigned NOT NULL AUTO_INCREMENT,
  `name` varchar(130) CHARACTER SET utf8mb4 COLLATE utf8mb4_unicode_ci NOT NULL COMMENT 'Наименование должности',
  `code` varchar(130) CHARACTER SET utf8mb4 COLLATE utf8mb4_unicode_ci DEFAULT NULL COMMENT 'Код должности',
  `date_begin` date NOT NULL COMMENT 'Дата начала',
  `date_end` date DEFAULT NULL COMMENT 'Дата окончания',
  `created_at` datetime DEFAULT CURRENT_TIMESTAMP COMMENT 'Время создания строки',
  `updated_at` datetime DEFAULT CURRENT_TIMESTAMP ON UPDATE CURRENT_TIMESTAMP COMMENT 'Время обновления строки',
  PRIMARY KEY (`id`),
  UNIQUE KEY `id` (`id`),
  KEY `positions_name_idx` (`name`)
) ENGINE=InnoDB AUTO_INCREMENT=102 DEFAULT CHARSET=utf8mb4 COLLATE=utf8mb4_unicode_ci COMMENT='Должности';
/*!40101 SET character_set_client = @saved_cs_client */;

--
-- Dumping data for table `positions`
--

LOCK TABLES `positions` WRITE;
/*!40000 ALTER TABLE `positions` DISABLE KEYS */;
INSERT INTO `positions` VALUES (1,'eius','587','2020-04-19',NULL,'2016-03-26 10:36:15','2019-07-18 15:20:42'),(2,'odit','582','2021-10-29',NULL,'2018-09-21 22:05:34','2012-02-28 07:58:20'),(3,'earum','718','2016-05-14',NULL,'2018-07-02 21:13:03','2019-02-03 23:41:25'),(4,'quasi','277','2014-08-22',NULL,'2013-10-13 12:00:27','2018-03-17 07:44:59'),(5,'pariatur','730','2016-07-17',NULL,'2014-07-05 04:15:20','2015-01-15 10:56:50'),(6,'et','375','2020-11-12',NULL,'2021-06-12 11:01:54','2013-04-27 18:32:46'),(7,'eum','641','2018-01-13',NULL,'2021-07-15 14:52:24','2021-06-03 15:27:24'),(8,'fuga','916','2012-11-07',NULL,'2021-08-09 09:43:39','2021-02-23 01:48:45'),(9,'magni','553','2021-05-30',NULL,'2020-08-26 08:15:52','2017-06-12 12:35:25'),(10,'sed','760','2020-07-07',NULL,'2015-04-23 05:07:46','2015-02-24 07:21:50'),(11,'qui','460','2012-09-09',NULL,'2013-05-19 16:48:15','2016-06-11 00:56:27'),(12,'qui','977','2016-06-13',NULL,'2014-04-11 16:37:08','2013-02-07 22:10:41'),(13,'qui','747','2020-06-25',NULL,'2013-07-23 23:53:03','2015-01-16 15:33:50'),(14,'voluptatum','431','2019-08-06',NULL,'2015-06-23 19:54:52','2021-07-01 21:26:59'),(15,'error','676','2018-03-06',NULL,'2018-10-31 18:41:24','2021-08-26 17:15:28'),(16,'officiis','726','2020-05-13',NULL,'2013-08-30 07:49:22','2013-09-27 00:26:50'),(17,'impedit','827','2021-03-13',NULL,'2012-12-01 19:57:52','2017-04-13 11:59:53'),(18,'asperiores','988','2015-02-22',NULL,'2017-06-24 18:35:53','2012-09-26 18:36:42'),(19,'temporibus','592','2012-03-18',NULL,'2018-05-02 06:58:34','2014-06-24 01:48:12'),(20,'placeat','110','2013-06-11',NULL,'2017-08-18 23:27:03','2021-09-28 23:59:01'),(21,'reprehenderit','988','2016-08-04',NULL,'2012-12-15 03:53:17','2022-01-06 17:07:43'),(22,'cum','525','2012-05-22',NULL,'2015-08-23 16:11:18','2018-12-03 14:40:08'),(23,'et','107','2020-03-28',NULL,'2017-08-24 04:31:02','2013-04-08 09:36:42'),(24,'placeat','023','2021-12-08',NULL,'2021-09-20 16:45:07','2017-05-21 23:40:41'),(25,'dignissimos','852','2021-01-05',NULL,'2017-01-10 17:41:54','2015-09-17 00:35:35'),(26,'dolor','009','2018-12-17',NULL,'2020-11-28 19:25:10','2012-08-13 06:02:42'),(27,'recusandae','974','2012-07-04',NULL,'2018-04-27 19:49:04','2016-09-14 08:53:26'),(28,'modi','681','2021-04-08',NULL,'2012-03-07 05:05:09','2019-06-28 20:24:57'),(29,'molestias','200','2013-06-13',NULL,'2020-05-03 20:30:54','2016-07-16 01:21:01'),(30,'sit','906','2016-08-06',NULL,'2021-05-17 18:28:27','2021-10-11 08:49:39'),(31,'laudantium','034','2012-07-22',NULL,'2016-03-09 19:44:57','2021-05-19 15:01:49'),(32,'provident','797','2021-10-02',NULL,'2022-01-24 04:09:45','2014-06-05 16:02:13'),(33,'sed','625','2015-10-09',NULL,'2013-08-15 13:45:11','2012-10-28 21:22:21'),(34,'maxime','123','2021-10-21',NULL,'2021-05-13 00:26:45','2014-11-11 01:26:13'),(35,'minus','243','2017-09-23',NULL,'2015-05-08 07:56:09','2014-10-10 09:05:18'),(36,'ea','021','2012-11-11',NULL,'2016-10-19 04:45:16','2021-11-27 18:11:56'),(37,'occaecati','676','2013-06-24',NULL,'2020-02-15 00:41:33','2018-03-01 18:04:44'),(38,'excepturi','897','2021-09-09',NULL,'2013-01-25 13:20:10','2021-04-30 17:38:09'),(39,'quasi','975','2020-01-14',NULL,'2013-04-28 10:27:02','2012-12-24 08:16:16'),(40,'et','164','2018-08-24',NULL,'2017-03-19 13:18:49','2016-11-07 15:07:46'),(41,'blanditiis','698','2012-05-21',NULL,'2021-03-13 04:49:18','2020-07-30 20:48:41'),(42,'laborum','688','2014-02-28',NULL,'2017-02-19 09:06:28','2015-02-05 07:22:13'),(43,'provident','574','2016-06-10',NULL,'2017-07-03 00:35:12','2020-03-04 21:49:57'),(44,'iste','956','2012-04-27',NULL,'2016-06-28 11:46:19','2020-01-02 17:44:27'),(45,'debitis','261','2016-06-26',NULL,'2018-03-14 09:34:48','2015-08-11 01:21:02'),(46,'magni','088','2015-07-15',NULL,'2017-10-07 01:42:59','2015-01-27 05:10:26'),(47,'voluptatum','041','2017-01-26',NULL,'2020-09-25 16:01:30','2020-07-01 15:03:42'),(48,'eius','209','2012-03-01',NULL,'2015-10-28 12:53:36','2012-04-11 10:55:48'),(49,'suscipit','466','2014-04-17',NULL,'2012-12-09 10:20:58','2015-10-25 03:53:46'),(50,'possimus','921','2014-05-01',NULL,'2012-11-13 23:53:44','2017-08-13 22:34:01'),(51,'est','824','2016-01-31',NULL,'2020-01-13 12:35:50','2012-03-04 08:34:18'),(52,'tempore','546','2020-07-10',NULL,'2013-03-08 00:40:54','2016-10-01 21:08:44'),(53,'corrupti','379','2012-11-06',NULL,'2021-11-16 14:17:26','2012-04-16 06:33:18'),(54,'est','359','2019-08-26',NULL,'2018-01-27 06:40:06','2015-09-23 20:06:18'),(55,'qui','260','2014-07-03',NULL,'2018-10-30 06:32:16','2015-10-25 12:49:11'),(56,'et','135','2022-01-21',NULL,'2017-09-02 18:03:32','2020-07-06 20:31:17'),(57,'ipsum','456','2021-04-04',NULL,'2018-04-16 09:34:38','2013-06-06 20:52:19'),(58,'necessitatibus','374','2014-06-30',NULL,'2021-05-10 18:52:54','2015-08-17 23:09:02'),(59,'et','739','2013-08-02',NULL,'2013-05-30 16:32:42','2014-03-10 17:04:23'),(60,'sed','591','2013-08-07',NULL,'2019-07-01 18:30:11','2013-12-25 08:16:58'),(61,'error','053','2021-12-07',NULL,'2016-06-27 22:03:22','2018-03-08 21:01:11'),(62,'sit','634','2012-12-05',NULL,'2021-10-14 02:02:55','2017-04-30 09:51:31'),(63,'adipisci','494','2016-05-28',NULL,'2019-06-01 11:57:54','2014-10-28 12:54:55'),(64,'sit','110','2016-12-03',NULL,'2020-12-05 22:17:37','2020-10-29 11:43:06'),(65,'placeat','907','2013-05-16',NULL,'2016-11-16 23:58:57','2022-01-24 10:04:28'),(66,'temporibus','323','2015-11-20',NULL,'2018-04-16 23:57:30','2020-05-20 17:59:14'),(67,'quaerat','443','2020-06-13',NULL,'2020-05-17 17:02:40','2017-07-02 06:57:00'),(68,'aut','976','2020-02-16',NULL,'2014-10-29 22:34:49','2015-10-07 15:32:48'),(69,'provident','065','2021-02-12',NULL,'2017-12-26 22:50:11','2015-11-26 05:09:34'),(70,'ipsam','239','2021-06-11',NULL,'2016-07-21 09:59:15','2020-06-29 12:05:42'),(71,'error','251','2020-09-24',NULL,'2020-12-21 11:39:30','2012-05-10 09:58:46'),(72,'dignissimos','131','2018-12-16',NULL,'2015-11-06 21:58:41','2019-03-24 01:44:51'),(73,'adipisci','255','2018-11-16',NULL,'2021-03-03 11:12:28','2021-05-24 13:19:12'),(74,'repellat','136','2016-08-15',NULL,'2020-07-01 22:34:19','2019-03-31 16:14:52'),(75,'expedita','190','2012-06-17',NULL,'2013-05-12 15:54:28','2016-07-22 11:30:32'),(76,'eaque','956','2015-12-05',NULL,'2016-10-30 14:25:44','2018-05-27 20:31:52'),(77,'dolorem','406','2014-02-10',NULL,'2018-08-08 08:50:29','2021-04-11 14:27:16'),(78,'vero','449','2014-03-04',NULL,'2018-12-27 21:54:00','2014-10-08 16:05:40'),(79,'recusandae','761','2019-02-17',NULL,'2013-12-08 05:14:50','2014-11-30 09:38:34'),(80,'laboriosam','158','2012-11-04',NULL,'2020-08-03 02:35:09','2016-10-22 19:17:59'),(81,'quasi','427','2019-07-01',NULL,'2012-03-05 15:17:17','2020-03-22 11:17:45'),(82,'doloribus','240','2019-01-01',NULL,'2016-03-15 03:03:38','2017-08-21 21:25:52'),(83,'libero','876','2015-06-09',NULL,'2017-08-27 17:56:57','2016-11-25 00:59:56'),(84,'molestiae','505','2016-03-10',NULL,'2018-05-10 05:29:00','2017-12-26 02:24:39'),(85,'voluptate','443','2014-11-01',NULL,'2017-10-22 19:07:56','2019-04-16 06:11:30'),(86,'vel','178','2021-04-22',NULL,'2012-03-26 12:14:41','2016-09-08 22:18:04'),(87,'enim','246','2016-05-19',NULL,'2021-10-26 10:22:21','2014-08-20 13:04:27'),(88,'vel','761','2012-09-27',NULL,'2014-11-24 11:53:51','2016-06-16 07:36:57'),(89,'alias','192','2014-01-22',NULL,'2019-11-11 04:57:43','2020-05-12 19:01:55'),(90,'ipsam','403','2014-06-01',NULL,'2016-09-02 22:20:18','2018-07-16 04:56:00'),(91,'in','239','2014-05-19',NULL,'2013-04-13 18:21:17','2021-01-29 13:35:16'),(92,'et','772','2015-11-18',NULL,'2021-12-24 06:32:43','2017-05-16 00:33:23'),(93,'sed','871','2018-03-08',NULL,'2015-02-09 03:55:30','2019-11-18 09:31:48'),(94,'tenetur','401','2016-11-07',NULL,'2012-02-07 04:26:40','2020-06-05 10:05:15'),(95,'quia','903','2018-11-08',NULL,'2020-12-07 21:26:21','2013-01-24 06:56:24'),(96,'assumenda','029','2012-09-15',NULL,'2014-06-21 13:20:47','2014-07-16 19:09:23'),(97,'quam','763','2014-03-27',NULL,'2013-04-10 23:49:13','2012-02-21 03:14:40'),(98,'vel','282','2014-06-21',NULL,'2014-03-22 06:37:25','2019-10-03 07:17:03'),(99,'aperiam','753','2016-08-22',NULL,'2019-05-23 20:23:37','2018-02-26 16:06:10'),(100,'minima','458','2017-12-04',NULL,'2015-12-15 12:40:03','2013-07-14 09:41:04'),(101,'инженер','777','2022-02-19',NULL,'2022-02-19 06:37:17','2022-02-19 06:37:17');
/*!40000 ALTER TABLE `positions` ENABLE KEYS */;
UNLOCK TABLES;

--
-- Table structure for table `schedule`
--

DROP TABLE IF EXISTS `schedule`;
/*!40101 SET @saved_cs_client     = @@character_set_client */;
/*!50503 SET character_set_client = utf8mb4 */;
CREATE TABLE `schedule` (
  `id` int unsigned NOT NULL,
  `name` varchar(130) DEFAULT NULL COMMENT 'наименование графика',
  `created_at` datetime DEFAULT CURRENT_TIMESTAMP COMMENT 'Время создания строки',
  `updated_at` datetime DEFAULT CURRENT_TIMESTAMP ON UPDATE CURRENT_TIMESTAMP COMMENT 'Время обновления строки',
  PRIMARY KEY (`id`),
  UNIQUE KEY `id` (`id`)
) ENGINE=InnoDB DEFAULT CHARSET=utf8mb4 COLLATE=utf8mb4_0900_ai_ci COMMENT='график';
/*!40101 SET character_set_client = @saved_cs_client */;

--
-- Dumping data for table `schedule`
--

LOCK TABLES `schedule` WRITE;
/*!40000 ALTER TABLE `schedule` DISABLE KEYS */;
INSERT INTO `schedule` VALUES (1,'пятидневка','2022-02-05 14:44:25','2022-02-05 14:44:25'),(2,'два через два','2022-02-05 14:44:25','2022-02-05 14:44:25'),(3,'три через три','2022-02-05 14:44:25','2022-02-05 14:44:25');
/*!40000 ALTER TABLE `schedule` ENABLE KEYS */;
UNLOCK TABLES;

--
-- Temporary view structure for view `struct_org`
--

DROP TABLE IF EXISTS `struct_org`;
/*!50001 DROP VIEW IF EXISTS `struct_org`*/;
SET @saved_cs_client     = @@character_set_client;
/*!50503 SET character_set_client = utf8mb4 */;
/*!50001 CREATE VIEW `struct_org` AS SELECT 
 1 AS `id`,
 1 AS `name`,
 1 AS `num`,
 1 AS `parent_id`,
 1 AS `date_begin`,
 1 AS `date_end`*/;
SET character_set_client = @saved_cs_client;

--
-- Table structure for table `type_document`
--

DROP TABLE IF EXISTS `type_document`;
/*!40101 SET @saved_cs_client     = @@character_set_client */;
/*!50503 SET character_set_client = utf8mb4 */;
CREATE TABLE `type_document` (
  `id` int unsigned NOT NULL,
  `name` varchar(130) DEFAULT NULL COMMENT 'наименование типа документа',
  `created_at` datetime DEFAULT CURRENT_TIMESTAMP COMMENT 'Время создания строки',
  `updated_at` datetime DEFAULT CURRENT_TIMESTAMP ON UPDATE CURRENT_TIMESTAMP COMMENT 'Время обновления строки',
  PRIMARY KEY (`id`),
  UNIQUE KEY `id` (`id`)
) ENGINE=InnoDB DEFAULT CHARSET=utf8mb4 COLLATE=utf8mb4_0900_ai_ci COMMENT='Тип документа';
/*!40101 SET character_set_client = @saved_cs_client */;

--
-- Dumping data for table `type_document`
--

LOCK TABLES `type_document` WRITE;
/*!40000 ALTER TABLE `type_document` DISABLE KEYS */;
INSERT INTO `type_document` VALUES (1,'Трудовой договор - приём','2022-02-05 13:19:07','2022-02-05 13:19:07'),(2,'Дополнительное соглашение','2022-02-05 13:19:07','2022-02-05 13:19:07'),(3,'Увольнение','2022-02-05 13:19:07','2022-02-05 13:19:07'),(4,'Перевод на должность','2022-02-05 13:19:07','2022-02-05 13:19:07'),(5,'Изминение оклада','2022-02-05 13:19:07','2022-02-05 13:19:07');
/*!40000 ALTER TABLE `type_document` ENABLE KEYS */;
UNLOCK TABLES;

--
-- Table structure for table `type_employee`
--

DROP TABLE IF EXISTS `type_employee`;
/*!40101 SET @saved_cs_client     = @@character_set_client */;
/*!50503 SET character_set_client = utf8mb4 */;
CREATE TABLE `type_employee` (
  `id` int unsigned NOT NULL,
  `name` varchar(130) DEFAULT NULL COMMENT 'наименование типа сотрудника',
  `created_at` datetime DEFAULT CURRENT_TIMESTAMP COMMENT 'Время создания строки',
  `updated_at` datetime DEFAULT CURRENT_TIMESTAMP ON UPDATE CURRENT_TIMESTAMP COMMENT 'Время обновления строки',
  PRIMARY KEY (`id`),
  UNIQUE KEY `id` (`id`)
) ENGINE=InnoDB DEFAULT CHARSET=utf8mb4 COLLATE=utf8mb4_0900_ai_ci COMMENT='Тип сотрудника';
/*!40101 SET character_set_client = @saved_cs_client */;

--
-- Dumping data for table `type_employee`
--

LOCK TABLES `type_employee` WRITE;
/*!40000 ALTER TABLE `type_employee` DISABLE KEYS */;
INSERT INTO `type_employee` VALUES (1,'Штатный сотрудник','2022-02-05 13:01:23','2022-02-05 13:01:23'),(2,'Внештатный сотрудник','2022-02-05 13:01:23','2022-02-05 13:01:23'),(3,'Внутренний совместитель','2022-02-05 13:01:23','2022-02-05 13:01:23'),(4,'Внешний совместитель','2022-02-05 13:01:23','2022-02-05 13:01:23');
/*!40000 ALTER TABLE `type_employee` ENABLE KEYS */;
UNLOCK TABLES;

--
-- Table structure for table `type_move`
--

DROP TABLE IF EXISTS `type_move`;
/*!40101 SET @saved_cs_client     = @@character_set_client */;
/*!50503 SET character_set_client = utf8mb4 */;
CREATE TABLE `type_move` (
  `id` int unsigned NOT NULL,
  `name` varchar(130) DEFAULT NULL COMMENT 'наименование перемещения сотрудника',
  `created_at` datetime DEFAULT CURRENT_TIMESTAMP COMMENT 'Время создания строки',
  `updated_at` datetime DEFAULT CURRENT_TIMESTAMP ON UPDATE CURRENT_TIMESTAMP COMMENT 'Время обновления строки',
  PRIMARY KEY (`id`),
  UNIQUE KEY `id` (`id`)
) ENGINE=InnoDB DEFAULT CHARSET=utf8mb4 COLLATE=utf8mb4_0900_ai_ci COMMENT='виды перемещения сотрудника';
/*!40101 SET character_set_client = @saved_cs_client */;

--
-- Dumping data for table `type_move`
--

LOCK TABLES `type_move` WRITE;
/*!40000 ALTER TABLE `type_move` DISABLE KEYS */;
INSERT INTO `type_move` VALUES (1,'Приём','2022-02-05 14:50:08','2022-02-05 14:50:08'),(2,'Перевод на должность','2022-02-05 14:50:08','2022-02-05 14:50:08'),(3,'Увольнение','2022-02-05 14:50:08','2022-02-05 14:50:08'),(4,'Изминение оклада/надбавки','2022-02-05 14:50:08','2022-02-05 14:50:08'),(5,'Изминение ставки','2022-02-05 14:50:08','2022-02-05 14:50:08'),(6,'Изминение графика','2022-02-05 14:50:08','2022-02-05 14:50:08');
/*!40000 ALTER TABLE `type_move` ENABLE KEYS */;
UNLOCK TABLES;

--
-- Final view structure for view `current_employees`
--

/*!50001 DROP VIEW IF EXISTS `current_employees`*/;
/*!50001 SET @saved_cs_client          = @@character_set_client */;
/*!50001 SET @saved_cs_results         = @@character_set_results */;
/*!50001 SET @saved_col_connection     = @@collation_connection */;
/*!50001 SET character_set_client      = utf8mb4 */;
/*!50001 SET character_set_results     = utf8mb4 */;
/*!50001 SET collation_connection      = utf8mb4_0900_ai_ci */;
/*!50001 CREATE ALGORITHM=UNDEFINED */
/*!50013 DEFINER=`root`@`localhost` SQL SECURITY DEFINER */
/*!50001 VIEW `current_employees` (`id`,`first_name`,`last_name`,`tab_number`,`position`,`department`,`salary`) AS select `e`.`id` AS `id`,`p`.`first_name` AS `first_name`,`p`.`last_name` AS `last_name`,`e`.`tab_number` AS `tab_number`,`p2`.`name` AS `name`,`d`.`name` AS `name`,`me`.`salary` AS `salary` from ((((`employee` `e` left join `person` `p` on((`e`.`person_id` = `p`.`id`))) join `move_employee` `me` on(((`me`.`emp_id` = `e`.`id`) and (`me`.`date_move` = (select max(`me2`.`date_move`) from `move_employee` `me2` where (`me`.`emp_id` = `me2`.`emp_id`)))))) join `positions` `p2` on((`me`.`position_id` = `p2`.`id`))) join `departments` `d` on((`me`.`depart_id` = `d`.`id`))) where (((`me`.`type_move_id` <> 3) and (`me`.`date_move` <= now())) or ((`me`.`type_move_id` = 3) and (`me`.`date_move` > now()))) order by `e`.`id` */;
/*!50001 SET character_set_client      = @saved_cs_client */;
/*!50001 SET character_set_results     = @saved_cs_results */;
/*!50001 SET collation_connection      = @saved_col_connection */;

--
-- Final view structure for view `fired_today`
--

/*!50001 DROP VIEW IF EXISTS `fired_today`*/;
/*!50001 SET @saved_cs_client          = @@character_set_client */;
/*!50001 SET @saved_cs_results         = @@character_set_results */;
/*!50001 SET @saved_col_connection     = @@collation_connection */;
/*!50001 SET character_set_client      = utf8mb4 */;
/*!50001 SET character_set_results     = utf8mb4 */;
/*!50001 SET collation_connection      = utf8mb4_0900_ai_ci */;
/*!50001 CREATE ALGORITHM=UNDEFINED */
/*!50013 DEFINER=`root`@`localhost` SQL SECURITY DEFINER */
/*!50001 VIEW `fired_today` (`first_name`,`last_name`,`tab_number`,`position`,`department`,`date_fired`) AS select `p`.`first_name` AS `first_name`,`p`.`last_name` AS `last_name`,`e`.`tab_number` AS `tab_number`,`p2`.`name` AS `name`,`d`.`name` AS `name`,`me`.`date_move` AS `date_move` from ((((`move_employee` `me` left join `employee` `e` on((`me`.`emp_id` = `e`.`id`))) join `person` `p` on((`e`.`person_id` = `p`.`id`))) join `positions` `p2` on((`me`.`position_id` = `p2`.`id`))) join `departments` `d` on((`me`.`depart_id` = `d`.`id`))) where ((`me`.`type_move_id` = 3) and (`me`.`date_move` <= now())) */;
/*!50001 SET character_set_client      = @saved_cs_client */;
/*!50001 SET character_set_results     = @saved_cs_results */;
/*!50001 SET collation_connection      = @saved_col_connection */;

--
-- Final view structure for view `struct_org`
--

/*!50001 DROP VIEW IF EXISTS `struct_org`*/;
/*!50001 SET @saved_cs_client          = @@character_set_client */;
/*!50001 SET @saved_cs_results         = @@character_set_results */;
/*!50001 SET @saved_col_connection     = @@collation_connection */;
/*!50001 SET character_set_client      = utf8mb4 */;
/*!50001 SET character_set_results     = utf8mb4 */;
/*!50001 SET collation_connection      = utf8mb4_0900_ai_ci */;
/*!50001 CREATE ALGORITHM=UNDEFINED */
/*!50013 DEFINER=`root`@`localhost` SQL SECURITY DEFINER */
/*!50001 VIEW `struct_org` (`id`,`name`,`num`,`parent_id`,`date_begin`,`date_end`) AS select `d`.`id` AS `id`,`d`.`name` AS `name`,`d`.`num` AS `num`,`d`.`parent_id` AS `parent_id`,`d`.`date_begin` AS `date_begin`,`d`.`date_end` AS `date_end` from `departments` `d` where ((`d`.`date_begin` <= now()) and ((`d`.`date_end` is null) or (`d`.`date_end` >= now()))) group by `d`.`id` order by `d`.`parent_id` */;
/*!50001 SET character_set_client      = @saved_cs_client */;
/*!50001 SET character_set_results     = @saved_cs_results */;
/*!50001 SET collation_connection      = @saved_col_connection */;
/*!40103 SET TIME_ZONE=@OLD_TIME_ZONE */;

/*!40101 SET SQL_MODE=@OLD_SQL_MODE */;
/*!40014 SET FOREIGN_KEY_CHECKS=@OLD_FOREIGN_KEY_CHECKS */;
/*!40014 SET UNIQUE_CHECKS=@OLD_UNIQUE_CHECKS */;
/*!40101 SET CHARACTER_SET_CLIENT=@OLD_CHARACTER_SET_CLIENT */;
/*!40101 SET CHARACTER_SET_RESULTS=@OLD_CHARACTER_SET_RESULTS */;
/*!40101 SET COLLATION_CONNECTION=@OLD_COLLATION_CONNECTION */;
/*!40111 SET SQL_NOTES=@OLD_SQL_NOTES */;

-- Dump completed on 2022-02-19 12:32:46
